amt_supplied,temp(k),humidity,amt_transpired
50,295,0.46,12
65,296,0.45,16
44,297,0.49,10
53,297,0.49,12
36,297,0.5,8
31,297,0.5,7
80,295,0.88,10
96,295,0.88,12
46,294,0.63,8
52,294,0.63,9
58,291,0.63,10
35,291,0.63,6
48,300,0.45,12
32,300,0.45,8
39,298,0.4,11
22,298,0.4,6
80,300,0.56,16
70,300,0.56,14
85,299,0.5,19
76,299,0.5,17
87,296,0.74,13
30,294,0.83,4
26,301,0.58,5
36,299,0.67,6
99,301,0.62,18
81,299,0.7,13
80,302,0.5,18
81,300,0.57,16
46,299,0.34,15
40,296,0.4,11
48,298,0.36,15
27,295,0.42,7
34,298,0.34,11
29,295,0.4,8
35,299,0.3,13
33,296,0.37,10
36,298,0.33,12
40,295,0.4,11
35,298,0.3,13
34,295,0.38,10
33,298,0.26,14
25,294,0.31,9
32,298,0.19,19
36,295,0.25,16
54,299,0.24,25
62,295,0.31,22
86,299,0.32,30
36,296,0.4,10
55,300,0.28,22
94,297,0.36,29
59,300,0.33,20
59,298,0.41,16
56,300,0.25,25
27,297,0.25,12
97,298,0.24,45
33,295,0.3,12
53,297,0.28,21
34,294,0.34,11
31,298,0.25,14
26,295,0.32,9
42,299,0.19,25
61,295,0.25,27
27,300,0.22,14
61,297,0.25,27
34,301,0.24,16
33,297,0.31,12
58,302,0.3,22
84,299,0.36,26
100,301,0.29,39
60,298,0.37,18
80,300,0.31,29
35,298,0.35,11
91,302,0.32,32
176,299,0.42,47
46,302,0.35,15
145,299,0.44,37
98,302,0.37,30
78,299,0.46,19
89,300,0.37,27
52,297,0.41,14
36,298,0.22,18
78,295,0.27,32
28,298,0.21,15
34,295,0.25,15
99,300,0.21,53
37,297,0.29,14
29,302,0.19,17
64,299,0.24,30
37,304,0.22,19
48,299,0.3,18
133,303,0.27,56
81,301,0.35,26
51,302,0.24,24
29,298,0.29,11
36,301,0.17,24
69,297,0.22,35
37,303,0.23,18
47,300,0.31,17
37,302,0.3,14
63,299,0.37,19
42,303,0.32,15
71,299,0.4,20
62,303,0.22,32
53,299,0.28,21
63,302,0.21,34
119,299,0.26,51
45,302,0.23,22
83,299,0.3,31
85,302,0.24,40
99,300,0.31,36
79,303,0.29,31
97,301,0.39,28
154,303,0.35,50
109,301,0.41,30
160,303,0.37,49
198,301,0.42,53
85,304,0.36,27
222,301,0.52,48
143,305,0.32,51
82,303,0.37,25
59,305,0.28,24
110,302,0.32,39
75,306,0.2,43
67,303,0.21,36
93,306,0.2,53
39,303,0.26,17
90,306,0.23,45
96,303,0.33,33
54,307,0.24,26
55,304,0.27,23
58,307,0.23,29
50,304,0.27,21
200,308,0.24,96
134,304,0.38,40
40,307,0.23,20
105,304,0.3,40
75,307,0.26,33
114,305,0.31,42
66,308,0.23,33
90,304,0.27,38
53,308,0.22,28
52,305,0.27,22
160,305,0.32,57
72,303,0.34,24
52,304,0.35,17
143,302,0.49,33
65,304,0.19,39
45,301,0.24,21
35,303,0.22,18
77,300,0.29,30
36,304,0.15,27
78,300,0.25,35
32,305,0.19,19
96,301,0.27,40
45,308,0.19,27
149,304,0.25,68
94,299,0.32,33
41,299,0.35,13
100,308,0.23,50
157,304,0.33,54
146,308,0.21,80
66,304,0.28,27
89,308,0.19,54
78,304,0.26,34
122,308,0.19,74
135,304,0.26,59
142,308,0.2,82
94,304,0.29,37
42,308,0.2,24
49,303,0.29,19
50,308,0.22,26
58,304,0.3,22
71,309,0.2,41
110,305,0.3,42
67,300,0.44,17
77,302,0.35,25
52,307,0.2,30
53,304,0.3,20
104,309,0.16,75
154,306,0.18,98
38,308,0.14,31
35,305,0.21,19
180,310,0.17,123
44,307,0.24,21
73,308,0.27,31
50,306,0.32,18
103,308,0.29,41
45,306,0.32,16
67,309,0.3,26
140,306,0.41,39
186,310,0.27,80
160,306,0.36,51
80,308,0.37,25
202,305,0.48,48
67,309,0.3,26
98,306,0.45,25
106,309,0.34,36
65,306,0.5,15
59,310,0.19,36
65,307,0.25,30
68,308,0.29,27
116,306,0.43,31
103,311,0.19,63
144,308,0.37,45
60,313,0.18,39
153,309,0.21,84
63,311,0.27,27
76,308,0.46,19
187,308,0.48,45
187,305,0.61,35
255,306,0.53,55
96,304,0.64,17
95,308,0.42,26
129,306,0.51,29
59,308,0.4,17
113,306,0.48,27
110,311,0.18,71
48,308,0.24,23
48,311,0.17,33
172,308,0.28,71
92,310,0.29,37
79,308,0.35,26
149,309,0.36,48
73,306,0.44,19
169,313,0.22,90
88,309,0.34,30
81,313,0.21,45
113,309,0.32,41
181,312,0.22,96
66,309,0.33,23
48,308,0.31,18
49,307,0.33,17
186,308,0.32,67
103,307,0.33,36
49,311,0.23,25
53,308,0.34,18
266,311,0.31,100
135,308,0.47,33
114,312,0.35,38
259,308,0.46,65
240,315,0.23,123
67,310,0.43,18
278,313,0.35,93
68,308,0.52,15
127,314,0.22,68
159,311,0.28,66
59,308,0.36,19
64,306,0.49,15
141,305,0.46,35
52,302,0.59,10
244,304,0.47,59
95,304,0.49,22
213,307,0.36,68
84,306,0.4,24
166,313,0.26,75
246,309,0.39,73
78,309,0.45,20
200,306,0.52,44
64,306,0.56,13
73,306,0.6,14
268,312,0.29,108
82,309,0.41,23
198,308,0.53,43
76,306,0.58,15
67,311,0.34,23
187,308,0.48,45
88,312,0.31,33
180,310,0.38,55
62,313,0.22,33
73,309,0.42,20
51,314,0.2,30
88,310,0.32,32
115,315,0.2,68
167,309,0.44,44
126,314,0.25,59
139,309,0.46,35
80,310,0.44,21
104,308,0.52,23
205,314,0.28,86
141,311,0.39,42
185,313,0.31,70
84,308,0.57,17
223,314,0.22,119
165,312,0.28,69
86,313,0.28,36
106,309,0.47,26
188,314,0.29,76
158,309,0.48,38
77,312,0.29,31
259,310,0.39,77
207,310,0.4,60
80,309,0.42,22
112,308,0.48,27
287,306,0.53,62
62,311,0.36,20
291,309,0.42,80
227,309,0.41,64
180,307,0.48,43
260,311,0.36,84
205,310,0.39,61
67,315,0.18,44
108,314,0.23,55
154,315,0.23,79
166,311,0.44,44
90,313,0.42,25
105,310,0.53,23
158,312,0.45,41
84,310,0.54,18
238,309,0.55,50
104,307,0.63,19
206,309,0.53,45
106,307,0.58,21
119,310,0.46,30
205,308,0.55,43
232,310,0.49,55
119,308,0.55,25
330,312,0.41,94
274,308,0.51,62
137,312,0.41,39
108,309,0.5,25
203,311,0.43,55
178,308,0.54,38
180,312,0.39,54
69,309,0.5,16
67,312,0.37,21
243,308,0.51,55
84,312,0.35,28
68,309,0.44,18
77,311,0.39,23
106,309,0.47,26
64,312,0.34,22
76,310,0.4,22
74,311,0.41,21
80,308,0.51,18
196,312,0.37,62
95,309,0.46,24
194,313,0.34,67
81,309,0.49,19
337,314,0.36,110
101,309,0.53,22
297,315,0.33,106
74,310,0.45,19
241,312,0.44,64
345,309,0.57,70
79,311,0.4,23
217,308,0.5,50
151,308,0.47,37
66,306,0.54,14
102,308,0.49,24
90,306,0.57,18
264,306,0.57,53
170,306,0.59,33
131,305,0.6,25
165,303,0.72,26
131,308,0.54,28
67,306,0.59,13
136,309,0.45,35
83,307,0.5,19
114,309,0.47,28
149,307,0.52,33
179,308,0.53,39
134,306,0.57,27
206,304,0.65,36
146,304,0.64,26
219,307,0.56,45
212,305,0.62,39
159,307,0.57,32
83,306,0.63,15
222,306,0.62,41
117,305,0.67,20
199,304,0.73,31
124,303,0.74,19
127,304,0.69,21
100,303,0.71,16
56,303,0.64,10
244,302,0.69,40
267,308,0.48,64
304,306,0.59,59
150,308,0.48,36
268,307,0.53,58
68,307,0.56,14
173,306,0.6,33
90,308,0.47,22
231,306,0.55,48
77,308,0.49,18
278,307,0.56,57
101,309,0.45,26
71,308,0.51,16
97,308,0.51,22
157,309,0.55,33
80,308,0.54,17
165,306,0.65,29
247,305,0.67,42
173,305,0.66,30
62,304,0.71,10
114,303,0.76,17
310,304,0.72,49
174,303,0.76,26
152,302,0.82,21
264,301,0.85,35
311,305,0.67,53
88,303,0.71,14
212,307,0.53,46
127,306,0.58,25
248,307,0.57,50
272,306,0.6,52
198,308,0.52,44
77,307,0.59,15
229,309,0.52,51
90,307,0.61,17
229,308,0.55,48
95,307,0.64,17
87,305,0.66,15
199,304,0.73,31
106,307,0.58,21
121,305,0.69,20
188,305,0.63,34
86,304,0.7,14
65,305,0.62,12
260,303,0.72,41
59,302,0.74,9
119,302,0.79,17
111,306,0.58,22
112,305,0.61,21
172,307,0.55,36
108,306,0.62,20
268,307,0.54,57
241,305,0.64,43
105,307,0.55,22
152,305,0.62,28
95,300,0.89,12
60,301,0.85,8
89,306,0.64,16
59,302,0.74,9
83,299,0.93,10
161,299,0.95,19
71,300,0.88,9
89,301,0.84,12
95,303,0.77,14
217,303,0.77,32
180,305,0.71,29
190,303,0.77,28
273,299,0.9,34
140,299,0.87,18
72,302,0.81,10
272,302,0.83,37
79,303,0.75,12
58,301,0.82,8
169,306,0.57,34
269,305,0.64,48
105,307,0.55,22
241,305,0.64,43
117,307,0.56,24
324,306,0.65,57
120,307,0.51,27
155,306,0.59,30
100,307,0.5,23
115,306,0.6,22
268,307,0.53,58
83,305,0.63,15
119,307,0.57,24
138,305,0.63,25
74,307,0.57,15
67,306,0.64,12
145,308,0.54,31
198,306,0.63,36
200,307,0.59,39
79,305,0.69,13
117,306,0.61,22
167,304,0.68,28
314,306,0.62,58
254,305,0.69,42
111,307,0.61,21
95,305,0.68,16
84,307,0.6,16
76,306,0.67,13
84,306,0.6,16
141,305,0.67,24
77,305,0.68,13
81,304,0.77,12
105,306,0.6,20
282,305,0.7,46
87,307,0.59,17
95,305,0.68,16
264,306,0.57,53
73,305,0.64,13
74,307,0.5,17
110,306,0.57,22
153,308,0.49,36
96,307,0.58,19
71,308,0.51,16
173,306,0.6,33
96,306,0.65,17
114,304,0.72,18
162,307,0.6,31
276,305,0.67,47
75,305,0.71,12
73,304,0.76,11
81,305,0.66,14
103,304,0.73,16
319,306,0.63,58
103,304,0.73,16
284,305,0.69,47
149,304,0.77,22
231,306,0.66,40
108,304,0.77,16
115,304,0.73,18
120,303,0.8,17
217,308,0.5,50
73,306,0.64,13
61,308,0.47,15
65,306,0.62,12
71,307,0.54,15
235,306,0.56,48
127,304,0.72,20
125,303,0.79,18
98,304,0.74,15
86,302,0.81,12
93,310,0.36,30
82,308,0.45,21
260,309,0.35,86
82,307,0.43,22
91,310,0.34,31
90,307,0.43,24
300,308,0.48,72
61,305,0.58,12
115,306,0.6,22
87,304,0.71,14
88,307,0.56,18
188,305,0.63,34
85,308,0.49,20
270,305,0.63,49
157,306,0.6,30
78,304,0.68,13
70,305,0.67,12
214,303,0.76,32
67,305,0.64,12
106,305,0.67,18
162,305,0.71,26
100,302,0.81,14
99,304,0.75,15
87,302,0.82,12
131,305,0.71,21
238,302,0.79,34
158,304,0.75,24
66,302,0.83,9
65,306,0.62,12
296,303,0.73,46
69,305,0.66,12
86,303,0.75,13
65,302,0.74,10
201,301,0.81,28
273,307,0.55,57
72,304,0.63,13
144,308,0.37,45
58,304,0.51,13
156,307,0.46,39
100,304,0.57,20
63,306,0.45,16
79,304,0.53,17
209,306,0.47,51
166,304,0.54,35
127,307,0.47,31
100,304,0.57,20
144,308,0.45,37
109,305,0.52,24
78,308,0.5,18
238,306,0.58,47
268,306,0.58,53
133,304,0.66,23
251,307,0.48,60
66,305,0.58,13
74,307,0.5,17
102,305,0.61,19
125,307,0.45,32
123,305,0.52,27
151,307,0.51,34
144,304,0.63,26
72,305,0.63,13
58,302,0.73,9
241,305,0.64,43
192,303,0.75,29
125,307,0.45,32
130,304,0.51,29
251,307,0.39,74
169,303,0.49,39
69,307,0.38,21
168,303,0.5,38
146,306,0.44,38
104,302,0.59,20
148,303,0.6,28
58,301,0.72,9
75,303,0.61,14
86,300,0.74,13
137,303,0.62,25
214,301,0.73,33
169,303,0.62,31
97,302,0.73,15
274,305,0.54,58
154,302,0.67,26
244,306,0.49,57
87,303,0.58,17
100,306,0.46,25
141,302,0.59,27
107,305,0.47,26
148,303,0.58,29
227,306,0.44,59
220,303,0.53,47
64,306,0.41,18
190,303,0.5,43
107,306,0.37,33
178,303,0.46,44
102,303,0.55,21
78,300,0.67,13
97,305,0.29,38
52,300,0.42,14
135,305,0.35,44
74,300,0.46,18
218,305,0.36,69
209,301,0.47,50
150,305,0.35,49
67,300,0.47,16
106,305,0.39,31
75,302,0.47,18
88,302,0.55,18
88,300,0.66,15
121,303,0.51,27
232,300,0.62,42
243,302,0.55,50
153,300,0.66,26
81,301,0.61,15
218,300,0.66,37
79,304,0.5,18
193,301,0.62,35
55,305,0.39,16
178,302,0.49,41
113,305,0.38,34
65,302,0.46,16
76,305,0.31,28
67,302,0.4,19
97,305,0.29,38
102,301,0.37,31
177,305,0.31,65
123,301,0.42,33
54,304,0.31,20
128,300,0.4,36
93,304,0.34,31
66,301,0.41,18
189,304,0.37,58
105,300,0.49,24
184,304,0.29,72
44,300,0.38,13
65,304,0.31,24
128,300,0.41,35
53,304,0.3,20
64,300,0.38,19
105,304,0.35,34
111,301,0.43,29
59,304,0.32,21
59,301,0.35,19
76,301,0.45,19
195,300,0.56,39
82,304,0.32,29
176,300,0.47,42
116,303,0.32,41
187,300,0.42,50
182,304,0.35,59
64,300,0.45,16
44,304,0.33,15
62,300,0.41,17
61,304,0.29,24
156,300,0.38,46
79,303,0.29,31
101,300,0.39,29
50,303,0.3,19
87,299,0.39,25
96,303,0.34,32
103,300,0.4,29
42,303,0.34,14
153,300,0.44,39
133,303,0.27,56
160,299,0.35,51
81,304,0.33,28
192,301,0.4,54
96,303,0.34,32
94,300,0.42,25
160,303,0.37,49
72,300,0.45,18
211,305,0.34,71
83,302,0.41,23
138,302,0.38,41
133,300,0.44,34
175,303,0.36,55
42,301,0.43,11
82,303,0.3,31
135,300,0.36,42
51,303,0.36,16
97,301,0.39,28
55,299,0.61,10
78,298,0.62,14
132,301,0.39,38
56,300,0.52,12
76,301,0.37,23
129,299,0.45,32
67,302,0.33,23
99,299,0.41,27
81,302,0.27,34
61,299,0.38,18
50,303,0.3,19
98,300,0.38,29
42,304,0.32,15
53,301,0.46,13
124,303,0.36,39
82,301,0.42,22
75,301,0.42,20
74,300,0.49,17
92,301,0.37,28
132,298,0.42,35
120,300,0.3,45
30,297,0.37,9
34,299,0.32,12
117,297,0.36,36
119,299,0.38,35
37,295,0.45,9
160,299,0.35,51
159,296,0.44,40
109,299,0.33,37
134,296,0.4,37
45,299,0.25,20
81,296,0.32,28
145,300,0.34,48
75,297,0.44,19
81,299,0.35,26
154,297,0.38,45
56,299,0.37,17
64,296,0.44,16
93,298,0.4,26
120,297,0.46,29
68,298,0.19,40
35,295,0.24,16
27,298,0.16,19
81,295,0.23,39
66,296,0.26,28
26,296,0.29,10
80,300,0.31,29
36,296,0.4,10
47,300,0.21,25
102,297,0.29,39
49,301,0.24,23
105,298,0.28,42
95,301,0.26,41
75,298,0.32,26
35,301,0.23,17
89,297,0.33,30
60,300,0.27,25
95,298,0.34,31
46,299,0.32,16
105,296,0.4,29
41,300,0.24,19
56,297,0.26,24
71,300,0.25,32
98,297,0.33,33
100,301,0.24,47
47,298,0.31,17
57,303,0.23,28
59,299,0.3,22
34,303,0.26,15
39,299,0.31,14
100,301,0.24,47
38,298,0.3,14
53,300,0.22,27
35,296,0.26,15
132,299,0.25,59
101,296,0.31,36
116,299,0.25,52
40,296,0.34,13
78,300,0.25,35
98,297,0.33,33
62,301,0.27,26
30,298,0.34,10
41,302,0.23,20
133,299,0.31,48
35,301,0.22,18
29,298,0.29,11
36,301,0.31,13
52,298,0.36,16
43,301,0.35,14
185,299,0.44,47
67,300,0.47,16
56,297,0.62,10
79,298,0.44,20
136,296,0.42,36
51,297,0.22,26
101,294,0.3,37
55,297,0.29,21
49,294,0.34,16
76,297,0.21,40
36,294,0.28,14
97,298,0.24,45
87,295,0.32,30
44,298,0.19,26
99,295,0.26,42
135,300,0.36,42
132,297,0.46,32
145,301,0.37,44
174,298,0.43,45
95,301,0.26,41
115,299,0.3,43
70,301,0.33,24
71,299,0.4,20
138,304,0.32,49
132,301,0.38,39
149,304,0.25,68
116,301,0.31,42
48,303,0.36,15
78,301,0.4,22
49,303,0.29,19
161,301,0.37,49
60,302,0.27,25
119,298,0.34,39
45,301,0.24,21
70,297,0.31,25
45,302,0.23,22
73,299,0.29,28
56,303,0.22,29
132,300,0.28,53
186,302,0.43,49
220,300,0.55,45
46,303,0.37,14
107,301,0.39,31
77,303,0.23,38
32,300,0.3,12
68,305,0.31,25
98,302,0.37,30
150,306,0.26,66
52,302,0.37,16
116,305,0.27,49
98,302,0.38,29
163,304,0.43,43
71,301,0.5,16
55,306,0.33,19
89,303,0.42,24
131,306,0.25,60
71,304,0.3,27
56,307,0.27,24
90,303,0.35,29
137,308,0.19,83
59,304,0.27,25
122,309,0.21,67
59,305,0.28,24
182,309,0.19,111
75,306,0.24,36
173,311,0.18,112
126,307,0.22,66
143,308,0.25,66
72,305,0.25,33
65,307,0.24,31
160,304,0.28,65
85,302,0.6,16
50,301,0.62,9
85,304,0.42,23
167,302,0.54,35
77,302,0.51,17
73,299,0.74,11
165,303,0.48,39
133,302,0.52,29
55,304,0.39,16
50,303,0.47,12
57,305,0.27,24
52,303,0.33,18
89,305,0.3,34
181,302,0.41,50
65,306,0.31,24
171,304,0.39,50
81,307,0.25,37
191,304,0.31,70
54,308,0.19,33
62,303,0.32,22
145,309,0.19,88
123,305,0.35,40
97,309,0.25,45
124,305,0.3,47
41,308,0.19,25
104,304,0.36,33
69,308,0.25,32
105,304,0.35,34
114,310,0.25,53
101,306,0.4,29
88,309,0.3,34
80,307,0.34,27
48,310,0.24,23
92,306,0.34,31
49,311,0.15,38
116,307,0.23,58
122,308,0.23,61
73,306,0.28,30
70,307,0.23,35
53,305,0.29,21
217,307,0.3,83
89,304,0.39,26
94,307,0.23,47
61,304,0.33,21
75,308,0.17,51
133,305,0.19,80
57,309,0.22,30
50,306,0.38,15
96,310,0.31,36
123,306,0.47,30
274,308,0.41,77
111,307,0.44,29
63,309,0.27,27
207,306,0.37,64
78,310,0.13,70
66,307,0.21,36
78,310,0.13,70
37,306,0.22,19
126,309,0.15,97
61,306,0.24,29
97,310,0.23,49
58,307,0.28,24
63,311,0.26,28
143,307,0.39,42
138,310,0.34,47
143,306,0.51,32
160,310,0.31,60
105,306,0.43,28
49,311,0.24,24
72,306,0.46,18
109,309,0.36,35
177,306,0.52,39
97,309,0.34,33
120,306,0.53,26
81,309,0.36,26
74,304,0.65,13
138,309,0.38,42
64,305,0.61,12
304,306,0.59,59
139,305,0.66,24
181,312,0.32,66
76,308,0.46,19
97,313,0.29,39
215,309,0.46,54
78,315,0.17,54
65,311,0.28,27
158,314,0.18,103
246,311,0.27,106
126,313,0.23,64
72,310,0.32,26
127,314,0.18,83
155,311,0.27,67
123,316,0.12,121
227,313,0.2,133
153,317,0.11,165
135,313,0.18,88
65,317,0.09,86
198,312,0.21,110
90,313,0.22,48
118,309,0.34,40
118,313,0.21,66
125,309,0.32,45
230,312,0.22,122
128,309,0.33,45
82,310,0.29,33
267,308,0.4,77
60,312,0.26,27
81,309,0.36,26
110,312,0.28,46
249,309,0.4,72
235,313,0.26,106
86,309,0.4,25
214,313,0.27,93
83,309,0.37,26
110,314,0.28,46
155,309,0.46,39
96,316,0.16,71
221,310,0.45,57
262,316,0.2,155
65,311,0.4,19
138,316,0.1,163
72,312,0.22,38
115,313,0.28,48
108,309,0.48,26
116,313,0.34,40
72,310,0.44,19
140,315,0.24,69
100,311,0.43,27
120,316,0.2,71
138,312,0.35,46
72,316,0.16,53
291,311,0.36,94
83,315,0.16,61
108,311,0.3,42
73,316,0.12,72
168,311,0.31,63
153,314,0.25,72
90,311,0.36,29
305,312,0.36,99
95,309,0.46,24
121,311,0.36,39
69,308,0.5,16
92,312,0.25,43
104,310,0.31,39
199,313,0.24,97
57,310,0.33,20
108,311,0.3,42
78,309,0.39,23
61,311,0.34,21
61,308,0.44,16
118,312,0.27,51
249,309,0.4,72
199,311,0.34,68
74,310,0.39,22
218,312,0.25,102
272,311,0.32,99
105,312,0.26,47
111,310,0.34,38
111,313,0.31,42
247,310,0.44,65
90,312,0.39,27
256,309,0.52,57
116,313,0.34,40
195,309,0.48,47
87,313,0.34,30
191,309,0.46,48
78,311,0.38,24
85,308,0.49,20
215,309,0.47,53
141,307,0.56,29
143,312,0.37,45
64,308,0.49,15
137,311,0.37,43
268,308,0.49,63
90,311,0.36,29
300,308,0.48,72
117,312,0.31,44
129,309,0.48,31
245,310,0.43,66
91,308,0.55,19
237,312,0.35,79
108,309,0.5,25
67,311,0.39,20
65,309,0.47,16
64,312,0.34,22
229,311,0.36,74
231,306,0.55,48
213,306,0.58,42
80,302,0.82,11
265,302,0.81,37
229,311,0.36,74
71,308,0.48,17
82,306,0.55,17
266,305,0.62,49
256,309,0.52,57
89,308,0.54,19
70,310,0.43,19
280,308,0.53,61
174,308,0.5,40
138,307,0.53,30
229,309,0.42,63
135,307,0.5,31
113,309,0.45,29
167,307,0.52,37
98,308,0.47,24
69,307,0.53,15
87,308,0.53,19
141,306,0.62,26
116,309,0.48,28
177,307,0.58,35
136,308,0.49,32
172,306,0.58,34
229,309,0.42,63
278,307,0.56,57
141,311,0.39,42
67,311,0.41,19
96,315,0.24,47
165,310,0.48,40
160,315,0.3,63
82,309,0.56,17
314,311,0.41,89
77,307,0.59,15
175,309,0.47,43
76,307,0.58,15
71,312,0.36,23
280,312,0.38,86
74,309,0.5,17
278,307,0.56,57
311,308,0.52,69
194,306,0.6,37
72,309,0.46,18
65,306,0.57,13
152,309,0.45,39
60,306,0.53,13
122,308,0.47,30
65,306,0.53,14
300,308,0.48,72
273,307,0.55,57
90,308,0.47,22
183,307,0.5,42
156,310,0.43,42
67,307,0.51,15
148,310,0.39,44
98,308,0.47,24
292,310,0.39,87
263,309,0.44,69
94,311,0.39,28
300,308,0.48,72
85,308,0.49,20
66,306,0.58,13
320,309,0.5,74
64,307,0.57,13
255,310,0.47,63
139,307,0.55,29
81,309,0.49,19
273,307,0.55,57
78,309,0.53,17
65,306,0.62,12
250,309,0.49,59
87,307,0.59,17
130,306,0.62,24
306,303,0.77,45
74,307,0.57,15
74,304,0.7,12
107,307,0.56,22
66,305,0.68,11
142,308,0.51,32
194,306,0.6,37
161,309,0.49,38
222,307,0.58,44
96,307,0.58,19
176,306,0.63,32
70,308,0.54,15
173,306,0.6,33
120,307,0.51,27
293,306,0.55,61
87,309,0.48,21
127,306,0.58,25
127,307,0.54,27
171,305,0.63,31
215,309,0.46,54
300,307,0.53,65
244,309,0.47,60
219,307,0.56,45
110,308,0.55,23
125,305,0.65,22
186,307,0.52,41
210,305,0.63,38
195,308,0.51,44
91,305,0.61,17
135,306,0.67,23
328,305,0.72,52
152,306,0.67,26
117,304,0.74,18
323,305,0.71,52
102,304,0.77,15
230,305,0.71,37
190,303,0.77,28
98,305,0.7,16
308,303,0.76,46
311,305,0.67,53
280,304,0.74,43
80,305,0.7,13
227,304,0.76,34
105,304,0.75,16
63,303,0.8,9
227,305,0.7,37
154,303,0.76,23
244,304,0.73,38
220,303,0.78,32
226,308,0.45,58
268,307,0.54,57
95,308,0.5,22
110,306,0.57,22
244,307,0.56,50
248,306,0.63,45
90,308,0.47,22
210,306,0.56,43
155,306,0.59,30
212,304,0.67,36
113,306,0.59,22
308,304,0.7,50
176,306,0.63,32
227,305,0.7,37
77,307,0.55,16
210,305,0.63,38
104,308,0.5,24
79,306,0.65,14
107,307,0.56,22
114,305,0.65,20
213,306,0.58,42
67,303,0.69,11
215,307,0.55,45
209,304,0.68,35
314,304,0.73,49
71,303,0.81,10
60,302,0.75,9
151,301,0.85,20
111,306,0.67,19
108,304,0.77,16
134,306,0.64,24
328,305,0.72,52
66,308,0.51,15
309,306,0.6,59
131,307,0.58,26
106,305,0.67,18
64,307,0.57,13
104,305,0.66,18
256,307,0.6,49
217,305,0.67,37
74,302,0.84,10
301,301,0.87,39
133,305,0.69,22
77,304,0.73,12
64,306,0.56,13
173,305,0.66,30
174,308,0.5,40
191,306,0.59,37
116,300,0.87,15
64,299,0.9,8
67,305,0.64,12
126,303,0.75,19
234,306,0.57,47
79,305,0.69,13
141,307,0.56,29
250,305,0.68,42
89,307,0.6,17
320,305,0.69,53
283,307,0.58,56
66,305,0.68,11
268,307,0.54,57
255,306,0.65,45
268,307,0.53,58
99,305,0.63,18
113,307,0.54,24
171,305,0.65,30
243,304,0.71,39
96,304,0.73,15
89,308,0.54,19
84,305,0.64,15
119,302,0.75,18
168,302,0.79,24
145,308,0.54,31
197,305,0.68,33
248,306,0.63,45
130,304,0.74,20
130,306,0.62,24
254,304,0.76,38
187,306,0.67,32
317,303,0.8,45
125,304,0.79,18
68,302,0.86,9
68,305,0.71,11
176,303,0.8,25
112,305,0.71,18
127,303,0.8,18
107,305,0.68,18
275,303,0.78,40
160,306,0.63,29
212,303,0.73,33
99,306,0.63,18
71,303,0.73,11
87,305,0.66,15
129,303,0.77,19
145,305,0.69,24
102,302,0.82,14
152,305,0.62,28
102,303,0.77,15
242,306,0.59,47
296,303,0.73,46
66,305,0.63,12
304,303,0.75,46
179,306,0.62,33
268,303,0.76,40
67,305,0.64,12
72,303,0.74,11
245,306,0.61,46
148,303,0.73,23
70,306,0.62,13
218,304,0.73,34
87,306,0.62,16
85,303,0.74,13
113,306,0.59,22
290,303,0.7,47
194,305,0.65,34
308,303,0.76,46
276,306,0.62,51
79,303,0.75,12
95,305,0.68,16
152,302,0.78,22
205,305,0.71,33
314,303,0.79,45
215,306,0.6,41
212,303,0.75,32
161,305,0.68,27
136,302,0.81,19
95,305,0.64,17
68,303,0.77,10
281,306,0.63,51
300,303,0.74,46
65,306,0.62,12
304,303,0.75,46
171,305,0.65,30
103,303,0.73,16
115,306,0.6,22
235,303,0.72,37
169,307,0.54,36
72,304,0.68,12
166,306,0.56,34
105,304,0.7,17
70,306,0.62,13
192,303,0.75,29
276,305,0.67,47
207,302,0.78,30
278,305,0.66,48
146,302,0.75,22
197,305,0.66,34
118,302,0.74,18
197,305,0.66,34
98,302,0.79,14
138,305,0.63,25
206,302,0.75,31
210,305,0.63,38
223,302,0.72,35
173,305,0.45,44
179,301,0.53,38
177,305,0.46,44
110,301,0.59,21
109,304,0.46,27
110,300,0.56,22
90,305,0.49,21
50,301,0.62,9
59,305,0.52,13
63,302,0.65,11
88,306,0.53,19
88,305,0.56,18
152,305,0.51,34
56,302,0.63,10
222,305,0.46,55
78,302,0.59,15
181,305,0.39,53
111,301,0.5,25
231,305,0.4,66
205,301,0.55,42
85,305,0.39,25
95,300,0.51,21
144,304,0.42,39
54,301,0.55,11
208,305,0.41,58
118,301,0.58,23
120,303,0.59,23
200,302,0.61,37
218,304,0.59,42
92,301,0.74,14
116,304,0.6,22
134,301,0.72,21
195,304,0.6,37
97,301,0.73,15
208,303,0.59,40
132,300,0.74,20
272,303,0.63,49
149,300,0.76,22
150,304,0.55,31
76,301,0.66,13
84,305,0.53,18
210,302,0.66,36
252,303,0.68,42
128,301,0.8,18
120,298,0.89,15
127,297,0.94,15
110,296,0.94,13
94,296,0.95,11
143,302,0.6,27
146,299,0.68,24
131,302,0.53,28
89,299,0.62,16
57,302,0.4,16
148,298,0.5,33
197,302,0.39,57
73,298,0.48,17
81,302,0.4,23
185,298,0.48,43
80,302,0.45,20
145,299,0.56,29
174,303,0.43,46
147,299,0.55,30
63,303,0.4,18
85,299,0.56,17
125,303,0.43,33
62,298,0.58,12
98,302,0.38,29
46,298,0.47,11
41,302,0.36,13
99,298,0.44,25
45,301,0.3,17
58,297,0.4,16
99,302,0.32,35
56,296,0.41,15
99,302,0.31,36
34,297,0.42,9
66,302,0.31,24
83,297,0.42,22
59,302,0.37,18
99,297,0.48,23
86,302,0.36,27
173,297,0.48,40
150,302,0.36,47
37,297,0.46,9
176,302,0.32,62
101,297,0.43,26
56,301,0.3,21
38,297,0.42,10
37,302,0.28,15
91,298,0.39,26
151,302,0.3,57
80,298,0.39,23
84,302,0.35,27
44,299,0.45,11
73,303,0.36,23
100,300,0.45,25
102,303,0.36,32
40,300,0.45,10
202,303,0.37,62
118,299,0.47,28
69,303,0.37,21
201,300,0.48,47
91,303,0.37,28
42,299,0.47,10
154,303,0.35,50
83,299,0.44,21
105,302,0.29,41
93,298,0.4,26
69,302,0.3,26
147,298,0.4,41
118,302,0.29,46
34,298,0.38,10
41,302,0.27,17
133,297,0.38,39
153,301,0.27,64
31,297,0.35,10
46,301,0.26,20
77,296,0.34,25
76,301,0.22,39
30,296,0.3,11
86,301,0.22,44
127,296,0.3,47
49,300,0.26,21
29,296,0.36,9
62,300,0.24,29
70,295,0.32,24
131,300,0.23,64
90,296,0.31,32
49,300,0.22,25
78,295,0.32,27
31,300,0.27,13
70,296,0.35,22
66,300,0.32,23
67,296,0.39,19
155,300,0.3,58
92,296,0.39,26
53,301,0.33,18
107,296,0.41,29
56,300,0.24,26
73,295,0.35,23
60,300,0.32,21
43,296,0.43,11
50,300,0.4,14
97,297,0.49,22
102,302,0.33,35
56,298,0.39,16
47,302,0.33,16
42,299,0.43,11
151,302,0.3,57
61,299,0.38,18
50,301,0.31,18
147,298,0.4,41
106,300,0.35,34
54,296,0.46,13
31,300,0.29,12
74,296,0.39,21
147,300,0.28,59
94,297,0.36,29
142,301,0.29,55
122,297,0.4,34
54,301,0.29,21
56,297,0.39,16
38,302,0.27,16
63,298,0.35,20
40,301,0.28,16
48,297,0.38,14
62,300,0.29,24
63,297,0.39,18
79,300,0.26,34
68,296,0.34,22
92,300,0.23,45
49,296,0.32,17
68,300,0.23,33
64,296,0.31,23
48,301,0.21,26
38,297,0.3,14
100,301,0.24,47
144,297,0.34,47
40,300,0.3,15
111,296,0.44,28
65,300,0.27,27
119,296,0.4,33
39,298,0.29,15
82,295,0.35,26
51,297,0.27,21
25,293,0.34,8
64,297,0.23,31
71,293,0.26,30
29,298,0.2,16
25,294,0.27,10
29,299,0.17,19
66,294,0.27,27
35,301,0.19,21
38,296,0.3,14
89,301,0.24,42
36,296,0.31,13
34,302,0.19,20
35,297,0.28,14
44,302,0.19,26
124,297,0.27,51
86,302,0.17,57
26,297,0.26,11
86,302,0.17,57
47,296,0.26,20
58,302,0.22,30
31,297,0.29,12
64,302,0.26,28
34,298,0.38,10
71,302,0.26,31
36,298,0.37,11
32,303,0.23,16
152,299,0.32,53
39,302,0.26,17
42,297,0.36,13
42,303,0.3,16
160,298,0.38,47
38,301,0.27,16
81,296,0.39,23
100,301,0.29,39
32,296,0.4,9
45,302,0.23,22
69,297,0.32,24
32,302,0.21,17
31,298,0.27,13
45,302,0.23,22
72,297,0.35,23
31,301,0.23,15
138,297,0.32,48
67,302,0.28,27
91,298,0.39,26
152,303,0.23,75
121,299,0.33,41
128,303,0.21,69
54,299,0.3,20
165,304,0.24,78
61,298,0.34,20
117,303,0.18,74
36,298,0.27,15
105,303,0.18,66
56,297,0.27,23
59,304,0.16,42
88,299,0.23,43
91,304,0.23,45
40,299,0.32,14
93,304,0.24,44
126,301,0.29,49
93,304,0.24,44
80,300,0.32,28
50,305,0.25,23
121,301,0.34,40
67,304,0.23,33
119,300,0.29,46
58,304,0.22,30
57,300,0.29,22
109,305,0.24,52
177,301,0.35,57
96,305,0.28,39
72,302,0.39,21
69,304,0.34,23
83,302,0.39,24
76,306,0.25,35
57,302,0.36,18
196,308,0.23,98
148,303,0.4,42
53,307,0.34,18
157,303,0.54,33
56,306,0.2,32
51,301,0.26,22
34,305,0.13,30
47,299,0.23,23
31,304,0.12,29
46,297,0.22,23
41,305,0.13,36
26,299,0.21,14
141,305,0.17,95
65,300,0.27,27
50,305,0.15,38
30,300,0.24,14
55,306,0.14,45
26,300,0.21,14
40,308,0.16,29
46,304,0.29,18
126,309,0.15,97
125,305,0.25,57
117,308,0.21,64
59,303,0.35,19
159,308,0.3,61
59,303,0.56,12
107,306,0.26,47
60,303,0.36,19
61,307,0.22,32
119,303,0.33,41
186,299,0.67,31
145,297,0.77,21
95,304,0.49,22
60,301,0.61,11
63,307,0.33,22
86,303,0.54,18
75,305,0.43,20
124,302,0.56,25
57,304,0.34,19
45,301,0.46,11
72,303,0.24,34
53,299,0.33,18
69,303,0.23,34
158,299,0.34,52
40,304,0.18,25
80,299,0.33,27
73,304,0.19,44
152,299,0.32,53
108,306,0.18,69
156,302,0.32,55
68,308,0.2,39
62,303,0.26,27
78,307,0.17,53
140,304,0.34,47
65,304,0.37,20
60,301,0.48,14
43,305,0.27,18
62,301,0.37,19
61,307,0.22,32
178,303,0.46,44
158,309,0.22,83
190,304,0.47,46
46,310,0.22,24
198,305,0.37,61
219,311,0.22,116
161,306,0.44,42
102,309,0.32,37
105,304,0.63,19
156,311,0.15,121
285,305,0.56,58
51,311,0.21,28
128,305,0.56,26
181,311,0.24,88
110,306,0.55,23
247,313,0.23,126
292,307,0.5,67
155,313,0.23,79
67,306,0.55,14
203,309,0.42,56
105,305,0.57,21
204,311,0.36,66
146,306,0.54,31
127,312,0.31,48
72,307,0.46,18
164,312,0.33,58
231,306,0.55,48
78,307,0.56,16
96,304,0.64,17
269,304,0.68,45
106,303,0.71,17
189,311,0.38,58
117,307,0.56,24
173,312,0.36,56
97,307,0.56,20
134,312,0.28,56
268,307,0.54,57
111,312,0.24,54
69,308,0.4,20
40,312,0.08,58
37,307,0.09,47
94,312,0.15,73
108,308,0.27,46
82,312,0.2,48
63,308,0.29,25
62,312,0.2,36
132,307,0.28,54
236,311,0.25,110
204,306,0.45,52
99,308,0.38,30
92,306,0.48,22
165,310,0.27,71
76,308,0.35,25
80,310,0.37,25
180,307,0.48,43
129,310,0.44,34
134,306,0.57,27
106,308,0.53,23
67,306,0.59,13
178,309,0.49,42
272,306,0.6,52
162,308,0.55,34
126,306,0.6,24
94,307,0.57,19
138,305,0.63,25
80,310,0.42,22
197,306,0.61,37
167,314,0.24,82
123,309,0.43,33
54,314,0.16,40
209,309,0.44,55
81,312,0.27,35
267,308,0.48,64
54,314,0.22,29
66,309,0.48,16
186,314,0.24,91
77,308,0.49,18
70,312,0.34,24
257,307,0.5,59
87,311,0.35,29
167,307,0.52,37
211,310,0.34,72
108,308,0.46,27
169,312,0.29,68
131,309,0.42,36
205,313,0.25,96
260,309,0.43,70
90,313,0.31,34
159,309,0.47,39
247,312,0.38,76
74,308,0.53,16
234,314,0.29,95
89,309,0.41,25
233,312,0.34,80
125,308,0.48,30
207,311,0.37,65
132,308,0.46,33
214,311,0.32,78
102,308,0.49,24
127,313,0.28,53
198,310,0.37,62
58,313,0.26,26
73,310,0.37,23
57,312,0.29,23
156,307,0.56,32
66,314,0.3,26
178,309,0.49,42
90,312,0.39,27
201,308,0.54,43
253,308,0.54,54
107,307,0.56,22
76,311,0.42,21
166,309,0.52,37
325,312,0.4,95
281,308,0.54,60
285,314,0.27,124
277,310,0.44,73
205,315,0.26,93
101,310,0.47,25
105,315,0.28,44
198,310,0.45,51
78,315,0.28,33
107,310,0.46,27
116,314,0.31,44
69,311,0.42,19
71,314,0.31,27
285,310,0.46,72
177,314,0.32,65
192,310,0.42,53
97,313,0.29,39
165,310,0.39,49
178,313,0.29,72
81,311,0.35,27
285,312,0.32,104
67,310,0.37,21
275,312,0.3,107
61,310,0.37,19
89,309,0.43,24
148,307,0.5,34
101,311,0.38,31
124,307,0.55,26
254,312,0.39,76
135,307,0.62,25
137,312,0.41,39
91,307,0.58,18
265,312,0.43,72
110,309,0.51,25
101,314,0.35,34
262,310,0.49,62
83,311,0.51,19
243,308,0.61,46
70,311,0.43,19
72,309,0.52,16
145,312,0.32,53
59,309,0.38,18
291,311,0.36,94
149,309,0.43,40
203,309,0.42,56
235,307,0.52,52
85,309,0.47,21
317,308,0.53,69
276,305,0.67,47
167,303,0.73,26
149,307,0.52,33
81,305,0.66,14
186,310,0.48,45
154,308,0.59,30
226,306,0.63,41
139,305,0.66,24
215,310,0.43,58
186,307,0.51,42
142,308,0.51,32
252,307,0.58,50
174,310,0.43,47
251,309,0.5,58
119,311,0.42,33
92,308,0.56,19
90,312,0.39,27
114,308,0.57,23
217,308,0.5,50
68,306,0.6,13
208,308,0.47,51
82,306,0.55,17
245,309,0.48,59
66,306,0.63,12
106,308,0.53,23
224,305,0.69,37
117,307,0.56,24
138,305,0.63,25
64,308,0.49,15
76,306,0.58,15
98,308,0.54,21
66,306,0.63,12
195,308,0.51,44
124,306,0.57,25
179,308,0.53,39
160,306,0.61,30
317,308,0.53,69
124,306,0.59,24
116,309,0.48,28
191,306,0.59,37
161,309,0.49,38
329,307,0.61,62
119,306,0.62,22
76,304,0.72,12
87,308,0.5,20
65,306,0.57,13
62,308,0.48,15
71,305,0.62,13
66,307,0.54,14
154,305,0.65,27
125,309,0.45,32
82,306,0.55,17
80,309,0.42,22
139,309,0.46,35
97,309,0.49,23
97,307,0.56,20
176,308,0.52,39
172,306,0.58,34
69,308,0.47,17
68,306,0.56,14
115,306,0.6,22
214,303,0.76,32
268,306,0.58,53
273,305,0.65,48
149,307,0.52,33
67,305,0.64,12
85,307,0.54,18
72,305,0.63,13
68,307,0.56,14
141,306,0.62,26
283,307,0.58,56
108,306,0.62,20
311,309,0.48,75
248,307,0.57,50
268,308,0.49,63
137,306,0.58,27
304,306,0.59,59
66,304,0.68,11
173,306,0.6,33
267,304,0.69,44
276,305,0.67,47
114,304,0.72,18
69,304,0.71,11
266,302,0.79,38
85,302,0.8,12
162,301,0.83,22
193,299,0.9,24
193,299,0.9,24
88,305,0.67,15
79,303,0.75,12
198,307,0.57,40
299,304,0.68,50
244,307,0.55,51
237,305,0.63,43
293,307,0.51,66
209,306,0.57,42
306,307,0.54,65
234,306,0.57,47
269,308,0.5,62
237,305,0.63,43
62,308,0.48,15
139,307,0.55,29
217,308,0.51,49
78,307,0.56,16
274,308,0.51,62
157,306,0.62,29
87,308,0.53,19
309,306,0.61,58
66,307,0.58,13
173,305,0.66,30
276,306,0.62,51
77,306,0.68,13
108,307,0.59,21
173,305,0.66,30
141,305,0.67,24
314,304,0.73,49
162,307,0.58,32
67,305,0.64,12
68,307,0.56,14
127,305,0.63,23
105,307,0.55,22
303,305,0.64,54
104,307,0.57,21
114,305,0.62,21
166,305,0.61,31
122,303,0.73,19
113,306,0.59,22
125,304,0.71,20
89,306,0.64,16
68,304,0.7,11
152,307,0.53,33
121,305,0.6,23
94,307,0.57,19
117,306,0.64,21
80,306,0.61,15
114,305,0.65,20
87,305,0.66,15
125,304,0.71,20
107,305,0.68,18
167,303,0.73,26
73,305,0.64,13
72,304,0.68,12
189,307,0.53,41
163,305,0.6,31
136,307,0.52,30
139,306,0.59,27
68,307,0.52,15
137,306,0.56,28
113,307,0.54,24
188,305,0.63,34
197,306,0.61,37
107,305,0.68,18
117,305,0.67,20
91,304,0.74,14
139,305,0.66,24
130,304,0.74,20
70,304,0.72,11
195,303,0.79,28
75,306,0.61,14
306,304,0.71,49
81,307,0.58,16
220,305,0.66,38
164,307,0.59,32
97,305,0.69,16
121,305,0.69,20
271,303,0.75,41
94,305,0.63,17
148,303,0.73,23
306,307,0.54,65
273,306,0.59,53
85,307,0.54,18
126,306,0.6,24
115,307,0.55,24
84,306,0.6,16
120,308,0.53,26
97,306,0.62,18
218,307,0.57,44
176,305,0.67,30
117,307,0.56,24
117,305,0.67,20
144,306,0.61,27
240,304,0.7,39
108,306,0.62,20
94,304,0.71,15
97,306,0.62,18
72,304,0.68,12
204,306,0.65,36
128,304,0.73,20
213,306,0.58,42
86,304,0.7,14
152,307,0.53,33
262,305,0.61,49
110,306,0.55,23
237,305,0.63,43
96,307,0.55,20
141,306,0.62,26
78,307,0.56,16
199,304,0.73,31
84,306,0.64,15
64,303,0.73,10
80,306,0.61,15
235,303,0.74,36
167,303,0.73,26
113,302,0.8,16
309,306,0.6,59
182,303,0.71,29
106,306,0.64,19
89,304,0.72,14
268,307,0.54,57
99,305,0.63,18
174,308,0.5,40
273,306,0.59,53
81,308,0.52,18
189,306,0.57,38
278,307,0.57,56
308,305,0.65,54
296,304,0.66,51
280,302,0.72,44
257,304,0.65,45
78,302,0.73,12
159,302,0.75,24
74,300,0.83,10
191,304,0.68,32
182,302,0.76,27
264,303,0.73,41
237,302,0.81,33
103,305,0.65,18
99,303,0.7,16
176,306,0.61,33
256,303,0.69,42
82,306,0.55,17
86,304,0.61,16
309,306,0.6,59
271,304,0.7,44
197,300,0.85,26
76,300,0.85,10
61,302,0.76,9
88,301,0.83,12
65,304,0.67,11
186,302,0.78,27
138,299,0.91,17
140,299,0.92,17
80,304,0.7,13
61,302,0.77,9
79,305,0.69,13
94,303,0.76,14
88,306,0.59,17
99,303,0.7,16
194,305,0.67,33
136,302,0.77,20
66,305,0.68,11
124,303,0.74,19
282,307,0.47,69
240,304,0.57,48
146,307,0.41,41
66,304,0.5,15
259,306,0.45,66
112,303,0.53,24
137,304,0.68,23
234,302,0.8,33
97,302,0.78,14
114,300,0.85,15
278,299,0.89,35
137,299,0.9,17
71,300,0.8,10
175,298,0.85,23
60,305,0.57,12
81,302,0.65,14
107,305,0.49,25
177,302,0.59,34
66,306,0.54,14
241,302,0.68,40
89,305,0.51,20
99,302,0.62,18
231,305,0.4,66
104,301,0.56,21
58,304,0.35,19
198,301,0.42,53
48,304,0.39,14
96,301,0.49,22
58,304,0.41,16
154,301,0.51,34
78,302,0.52,17
113,299,0.63,20
115,302,0.48,27
111,300,0.54,23
64,302,0.48,15
47,299,0.58,9
91,303,0.45,23
105,299,0.56,21
49,304,0.43,13
83,301,0.52,18
52,305,0.42,14
211,302,0.53,45
154,305,0.44,40
211,302,0.53,45
70,305,0.38,21
134,301,0.47,32
55,305,0.35,18
63,301,0.47,15
218,305,0.36,69
48,301,0.45,12
160,304,0.35,52
41,300,0.46,10
49,304,0.35,16
203,301,0.44,52
85,304,0.36,27
86,301,0.46,21
200,305,0.38,60
71,301,0.47,17
209,304,0.36,66
52,301,0.45,13
120,303,0.4,34
113,301,0.51,25
139,296,0.81,19
69,296,0.85,9
75,295,0.92,9
91,295,0.91,11
90,297,0.83,12
62,296,0.86,8
90,303,0.6,17
54,301,0.68,9
102,303,0.55,21
92,301,0.61,17
59,304,0.42,16
134,301,0.47,32
124,303,0.3,47
138,300,0.37,42
91,302,0.27,38
47,298,0.35,15
51,300,0.25,23
86,297,0.32,30
50,301,0.27,21
71,298,0.36,22
94,301,0.32,33
41,297,0.38,12
33,301,0.29,13
160,298,0.38,47
137,301,0.28,55
71,298,0.36,22
55,301,0.26,24
43,298,0.34,14
42,301,0.26,18
89,297,0.33,30
32,301,0.28,13
54,297,0.35,17
179,301,0.36,56
73,298,0.45,18
66,302,0.31,24
132,298,0.41,36
116,301,0.31,42
66,298,0.39,19
35,301,0.33,12
40,298,0.41,11
35,301,0.3,13
119,298,0.35,38
50,301,0.35,16
147,298,0.4,41
99,300,0.37,30
151,298,0.42,40
133,297,0.57,26
183,296,0.58,35
65,294,0.89,8
74,294,0.9,9
211,301,0.72,33
143,299,0.8,20
188,302,0.53,40
118,300,0.6,22
44,303,0.42,12
165,300,0.5,37
46,303,0.37,14
64,300,0.42,17
56,303,0.3,21
128,300,0.4,36
48,302,0.32,17
79,299,0.4,22
104,301,0.26,45
46,298,0.34,15
43,300,0.22,22
38,296,0.32,13
93,299,0.37,28
51,297,0.44,13
46,299,0.37,14
34,296,0.47,8
161,299,0.43,42
42,296,0.47,10
78,299,0.38,23
117,296,0.48,27
61,300,0.4,17
170,297,0.46,41
62,301,0.37,19
52,298,0.45,13
60,300,0.28,24
75,297,0.31,27
110,300,0.3,41
72,297,0.35,23
39,301,0.23,19
32,297,0.27,13
62,301,0.19,37
42,297,0.26,18
42,300,0.28,17
94,297,0.36,29
48,301,0.27,20
73,297,0.34,24
73,300,0.33,25
59,298,0.39,17
65,301,0.28,26
67,298,0.34,22
119,300,0.29,46
94,297,0.36,29
88,299,0.28,35
145,297,0.35,46
58,299,0.28,23
42,296,0.33,14
48,297,0.23,23
30,294,0.3,11
73,298,0.22,37
66,294,0.27,27
95,298,0.23,46
39,294,0.27,16
25,297,0.21,13
64,294,0.25,28
37,296,0.24,17
41,293,0.3,15
53,297,0.28,21
55,294,0.32,19
93,298,0.22,47
106,295,0.3,39
74,297,0.25,33
44,294,0.32,15
108,299,0.22,55
105,295,0.29,40
30,298,0.28,12
41,295,0.35,13
117,297,0.24,54
77,294,0.34,25
53,298,0.27,22
73,295,0.35,23
105,299,0.25,47
43,296,0.32,15
74,299,0.25,33
26,296,0.29,10
47,299,0.23,23
59,296,0.26,25
63,299,0.22,32
70,296,0.3,26
83,299,0.25,37
55,296,0.32,19
131,300,0.23,64
132,297,0.3,49
100,299,0.19,59
113,296,0.25,50
37,300,0.2,21
83,297,0.25,37
32,302,0.24,15
77,299,0.32,27
64,301,0.24,30
47,298,0.29,18
77,300,0.24,36
121,297,0.32,42
51,299,0.22,26
68,296,0.28,27
37,299,0.19,22
36,297,0.21,19
84,300,0.23,41
72,298,0.26,31
96,302,0.17,64
49,298,0.23,24
76,302,0.24,36
110,299,0.28,44
115,301,0.25,52
36,298,0.33,12
131,302,0.29,51
129,299,0.37,39
71,302,0.25,32
134,300,0.29,52
67,305,0.22,35
85,302,0.29,33
163,305,0.27,69
49,302,0.31,18
119,304,0.25,54
37,301,0.3,14
36,304,0.18,23
32,302,0.21,17
32,303,0.23,16
32,300,0.28,13
45,304,0.27,19
176,302,0.32,62
127,304,0.23,63
100,302,0.27,42
44,302,0.19,26
33,300,0.22,17
53,304,0.16,38
119,301,0.22,61
55,304,0.24,26
165,301,0.31,60
55,304,0.27,23
69,301,0.37,21
118,303,0.22,61
62,300,0.24,29
115,303,0.21,62
44,300,0.26,19
35,303,0.25,16
40,300,0.32,14
104,304,0.2,59
110,301,0.23,54
153,305,0.24,73
65,302,0.32,23
37,305,0.21,20
95,302,0.29,37
53,305,0.24,25
59,303,0.29,23
70,306,0.21,38
36,303,0.24,17
46,308,0.17,31
68,304,0.24,32
106,308,0.18,68
65,305,0.24,31
149,310,0.15,115
77,306,0.21,42
48,307,0.23,24
166,304,0.3,63
66,307,0.21,36
36,304,0.24,17
161,306,0.24,77
161,303,0.31,59
80,307,0.21,44
55,304,0.27,23
160,308,0.2,92
43,305,0.26,19
48,310,0.18,31
139,306,0.23,69
64,310,0.18,41
89,307,0.25,41
51,310,0.17,35
84,306,0.24,40
80,309,0.21,44
95,306,0.26,42
30,307,0.14,25
57,303,0.19,34
27,307,0.12,26
47,303,0.16,33
83,308,0.14,68
37,304,0.19,22
133,308,0.12,128
79,304,0.18,50
93,309,0.11,98
58,305,0.14,47
168,309,0.2,97
126,305,0.37,39
154,310,0.13,137
63,306,0.18,40
139,310,0.11,147
39,306,0.15,30
188,311,0.17,129
100,307,0.31,37
190,308,0.27,81
102,304,0.4,29
174,308,0.23,87
139,305,0.3,53
97,309,0.17,66
53,306,0.19,32
121,309,0.14,100
151,305,0.19,91
116,309,0.13,103
75,305,0.22,39
55,310,0.12,53
42,307,0.16,30
74,310,0.2,43
43,306,0.29,17
71,309,0.33,25
189,306,0.48,45
185,310,0.33,65
129,306,0.51,29
83,310,0.24,40
69,307,0.38,21
52,308,0.33,18
232,306,0.45,59
137,310,0.16,99
61,307,0.22,32
58,310,0.26,26
80,307,0.4,23
77,309,0.33,27
60,306,0.49,14
100,310,0.33,35
128,305,0.54,27
240,309,0.37,75
66,305,0.5,15
59,310,0.31,22
214,306,0.48,51
63,307,0.27,27
129,305,0.32,46
190,308,0.27,81
62,306,0.34,21
48,308,0.29,19
186,306,0.38,56
54,309,0.33,19
90,305,0.43,24
57,308,0.41,16
87,305,0.55,18
162,307,0.49,38
274,305,0.54,58
44,309,0.23,22
175,306,0.34,59
115,307,0.39,34
130,305,0.48,31
139,308,0.34,47
221,305,0.45,56
158,310,0.3,61
135,306,0.47,33
75,310,0.28,31
177,307,0.39,52
146,310,0.26,65
61,308,0.37,19
153,311,0.22,81
170,308,0.4,49
42,312,0.17,29
143,309,0.23,72
50,313,0.15,39
143,309,0.33,50
173,314,0.21,97
125,310,0.29,50
62,311,0.36,20
115,307,0.55,24
182,310,0.32,66
176,307,0.47,43
114,311,0.39,34
240,307,0.54,51
106,309,0.49,25
72,306,0.59,14
129,308,0.53,28
75,306,0.61,14
278,311,0.33,98
136,307,0.52,30
80,312,0.19,49
56,310,0.27,24
59,310,0.34,20
251,307,0.48,60
66,309,0.4,19
293,307,0.51,66
154,311,0.32,56
198,308,0.43,53
148,310,0.33,52
213,308,0.41,60
126,310,0.43,34
209,307,0.51,47
86,308,0.52,19
64,304,0.61,12
109,309,0.42,30
94,306,0.51,21
139,310,0.35,46
239,306,0.48,57
241,307,0.44,63
145,306,0.45,37
133,306,0.46,33
274,305,0.53,59
70,310,0.43,19
97,307,0.56,20
72,310,0.44,19
117,307,0.56,24
102,312,0.41,29
101,308,0.58,20
102,311,0.44,27
181,308,0.55,38
135,306,0.67,23
195,307,0.56,40
244,313,0.34,84
151,308,0.47,37
94,311,0.39,28
123,308,0.49,29
82,310,0.38,25
111,307,0.51,25
137,308,0.48,33
83,305,0.63,15
97,308,0.32,35
57,306,0.41,16
70,310,0.34,24
284,307,0.48,68
103,307,0.54,22
63,304,0.65,11
233,308,0.48,56
113,307,0.54,24
85,310,0.43,23
170,306,0.59,33
171,312,0.35,57
75,308,0.48,18
67,311,0.41,19
136,308,0.56,28
70,311,0.39,21
143,308,0.53,31
101,309,0.53,22
117,306,0.64,21
153,308,0.49,36
304,306,0.58,60
277,310,0.44,73
235,307,0.52,52
174,310,0.43,47
69,308,0.5,16
83,311,0.44,22
269,308,0.5,62
84,312,0.35,28
203,309,0.42,56
96,312,0.32,35
250,308,0.43,67
96,310,0.37,30
209,309,0.44,55
255,311,0.43,69
310,308,0.51,70
79,310,0.48,19
75,308,0.54,16
128,308,0.51,29
168,305,0.62,31
100,308,0.46,25
151,307,0.51,34
73,309,0.47,18
167,307,0.52,37
72,309,0.46,18
139,307,0.55,29
66,309,0.45,17
77,307,0.52,17
61,308,0.47,15
94,307,0.54,20
167,309,0.44,44
100,307,0.52,22
141,310,0.43,38
274,308,0.51,62
306,309,0.46,77
141,307,0.54,30
96,307,0.58,19
319,306,0.64,57
83,308,0.53,18
91,305,0.69,15
119,309,0.49,28
81,306,0.66,14
270,313,0.33,96
72,310,0.44,19
143,315,0.29,58
196,311,0.4,57
177,317,0.21,100
257,314,0.28,108
235,313,0.26,106
152,311,0.31,57
80,315,0.21,45
99,312,0.33,35
124,316,0.21,70
253,314,0.27,110
95,314,0.26,43
117,311,0.4,34
240,312,0.36,78
85,310,0.43,23
117,312,0.37,37
65,309,0.47,16
138,310,0.42,38
156,308,0.5,36
73,307,0.56,15
168,305,0.62,31
123,308,0.49,29
74,305,0.6,14
275,308,0.52,61
193,304,0.71,31
111,306,0.58,22
109,304,0.65,19
234,306,0.57,47
205,304,0.63,37
169,306,0.57,34
208,305,0.61,39
122,307,0.5,28
166,306,0.56,34
132,308,0.46,33
231,307,0.51,52
155,309,0.46,39
151,307,0.51,34
268,308,0.49,63
118,307,0.59,23
100,304,0.67,17
73,303,0.69,12
158,307,0.55,33
103,304,0.69,17
243,308,0.51,55
89,305,0.68,15
64,309,0.46,16
304,306,0.58,60
280,308,0.53,61
126,306,0.6,24
81,308,0.55,17
97,306,0.62,18
230,307,0.6,44
67,306,0.64,12
64,306,0.61,12
139,305,0.66,24
226,307,0.59,44
105,306,0.63,19
91,308,0.55,19
170,306,0.59,33
119,308,0.55,25
103,306,0.59,20
248,306,0.63,45
250,305,0.68,42
67,306,0.64,12
66,305,0.68,11
113,307,0.62,21
117,305,0.67,20
229,308,0.55,48
64,306,0.61,12
253,308,0.55,53
68,306,0.6,13
197,310,0.44,52
220,309,0.48,53
100,308,0.55,21
105,306,0.63,19
178,304,0.75,27
170,303,0.77,25
98,302,0.79,14
149,302,0.8,21
64,306,0.61,12
115,304,0.69,19
131,307,0.58,26
64,305,0.66,11
95,305,0.68,16
126,303,0.75,19
64,305,0.66,11
77,303,0.73,12
173,305,0.66,30
111,304,0.7,18
72,306,0.59,14
299,304,0.68,50
64,307,0.57,13
243,305,0.66,42
311,308,0.52,69
65,305,0.67,11
64,306,0.61,12
156,304,0.71,25
152,303,0.72,24
74,302,0.76,11
311,305,0.67,53
102,303,0.72,16
80,306,0.61,15
112,304,0.71,18
66,306,0.58,13
127,305,0.66,22
130,306,0.62,24
71,304,0.73,11
144,306,0.61,27
218,304,0.71,35
320,305,0.69,53
137,303,0.74,21
81,306,0.62,15
67,304,0.69,11
324,307,0.6,62
139,305,0.66,24
81,307,0.58,16
88,306,0.63,16
324,308,0.55,68
197,306,0.61,37
136,307,0.6,26
79,305,0.69,13
175,307,0.56,36
284,306,0.65,50
79,306,0.65,14
93,305,0.71,15
97,305,0.69,16
104,304,0.74,16
150,306,0.66,26
94,304,0.71,15
104,307,0.57,21
83,306,0.63,15
155,308,0.51,35
98,307,0.59,19
157,306,0.6,30
91,304,0.69,15
141,305,0.67,24
127,304,0.72,20
96,306,0.61,18
179,305,0.68,30
100,308,0.55,21
98,306,0.66,17
77,306,0.55,16
210,305,0.63,38
85,306,0.61,16
81,304,0.71,13
162,306,0.64,29
107,305,0.72,17
79,306,0.65,14
162,305,0.71,26
90,305,0.73,14
88,304,0.77,13
69,306,0.66,12
222,304,0.72,35
179,306,0.64,32
139,304,0.72,22
324,307,0.6,62
87,304,0.71,14
207,306,0.66,36
139,304,0.72,22
197,307,0.58,39
152,304,0.69,25
172,304,0.7,28
141,303,0.76,21
130,306,0.62,24
137,304,0.71,22
72,305,0.63,13
193,304,0.71,31
77,304,0.73,12
160,303,0.79,23
64,302,0.8,9
151,301,0.85,20
221,304,0.74,34
297,302,0.8,42
119,306,0.65,21
209,303,0.74,32
65,306,0.57,13
65,304,0.67,11
91,307,0.58,18
212,304,0.69,35
243,305,0.66,42
192,303,0.75,29
106,307,0.58,21
170,304,0.69,28
244,307,0.56,50
112,305,0.64,20
78,307,0.56,16
67,305,0.64,12
249,306,0.62,46
79,304,0.69,13
66,307,0.58,13
82,304,0.67,14
69,308,0.5,16
209,306,0.57,42
78,309,0.45,20
67,306,0.51,15
139,309,0.46,35
67,306,0.55,14
122,302,0.81,17
68,301,0.85,9
147,301,0.83,20
133,300,0.88,17
78,305,0.64,14
75,303,0.71,12
118,306,0.54,25
255,304,0.63,46
215,306,0.6,41
142,304,0.7,23
73,307,0.56,15
212,304,0.67,36
304,306,0.58,60
65,304,0.67,11
208,307,0.52,46
62,305,0.59,12
170,308,0.49,40
88,306,0.53,19
291,308,0.46,73
104,306,0.52,23
267,308,0.4,77
56,305,0.49,13
48,308,0.31,18
79,305,0.39,23
132,308,0.38,40
222,305,0.46,55
257,308,0.37,80
221,305,0.45,56
89,308,0.38,27
81,304,0.46,20
111,308,0.4,32
255,305,0.47,62
90,307,0.37,28
99,304,0.47,24
234,307,0.34,79
181,304,0.43,48
156,308,0.29,62
190,304,0.38,57
75,306,0.39,22
160,303,0.55,33
120,300,0.79,17
62,298,0.86,8
89,302,0.72,14
281,301,0.79,40
83,300,0.78,12
175,298,0.85,23
177,302,0.74,27
278,300,0.82,38
151,303,0.61,28
107,301,0.67,18
66,305,0.47,16
133,302,0.52,29
69,305,0.44,18
179,301,0.53,38
126,304,0.41,35
111,301,0.5,25
86,305,0.47,21
156,302,0.57,31
217,306,0.4,62
51,303,0.48,12
63,307,0.38,19
58,303,0.51,13
107,306,0.37,33
49,303,0.46,12
165,306,0.37,51
55,302,0.48,13
60,306,0.36,19
67,303,0.45,17
130,305,0.4,37
104,302,0.49,24
39,305,0.26,17
41,301,0.33,14
109,304,0.31,40
41,301,0.42,11
150,304,0.38,45
47,301,0.48,11
201,301,0.54,42
47,299,0.66,8
158,301,0.66,27
148,298,0.75,22
145,301,0.68,24
50,298,0.79,7
62,304,0.54,13
113,300,0.67,19
252,303,0.55,52
123,301,0.63,22
182,304,0.53,39
75,301,0.6,14
59,305,0.45,15
70,302,0.53,15
70,304,0.5,16
139,302,0.56,28
63,304,0.55,13
187,302,0.64,33
136,306,0.39,40
221,303,0.44,57
84,303,0.53,18
236,300,0.63,42
95,304,0.36,30
52,301,0.45,13
76,303,0.32,27
69,300,0.41,19
60,303,0.36,19
161,299,0.44,41
144,303,0.39,42
60,300,0.45,15
44,304,0.36,14
66,300,0.46,16
184,304,0.36,58
80,300,0.45,20
58,304,0.35,19
157,301,0.43,41
125,305,0.31,46
155,302,0.38,46
193,305,0.29,76
96,302,0.36,30
51,304,0.34,17
73,301,0.41,20
110,304,0.38,33
42,301,0.43,11
65,304,0.32,23
67,301,0.42,18
51,304,0.32,18
160,300,0.4,45
133,303,0.27,56
144,300,0.33,49
43,303,0.29,17
68,299,0.38,20
74,302,0.28,30
74,299,0.36,23
48,302,0.32,17
108,299,0.39,31
43,302,0.35,14
76,299,0.45,19
114,302,0.34,38
84,300,0.41,23
77,302,0.35,25
45,299,0.46,11
70,303,0.33,24
101,300,0.39,29
93,303,0.31,34
138,300,0.37,42
63,302,0.34,21
73,299,0.41,20
102,302,0.34,34
86,299,0.4,24
54,302,0.32,19
119,299,0.39,34
94,301,0.31,34
36,298,0.37,11
129,301,0.25,58
66,298,0.32,23
96,301,0.27,40
119,298,0.35,38
67,301,0.26,29
55,298,0.34,18
72,301,0.28,29
60,298,0.37,18
45,300,0.23,22
55,297,0.29,21
68,300,0.24,32
46,297,0.32,16
150,301,0.26,65
95,298,0.34,31
38,302,0.27,16
125,299,0.35,40
91,302,0.32,32
77,299,0.39,22
80,302,0.31,29
54,300,0.38,16
153,302,0.25,69
60,299,0.29,23
105,299,0.25,47
29,297,0.27,12
54,294,0.46,13
33,295,0.45,8
81,291,0.8,11
136,291,0.82,18
38,289,0.83,5
163,289,0.88,20
47,297,0.47,11
64,295,0.54,13
36,298,0.37,11
52,295,0.44,13
85,298,0.35,27
126,295,0.41,34
32,298,0.36,10
47,295,0.43,12
38,298,0.39,11
42,295,0.46,10
52,298,0.36,16
45,296,0.42,12
39,298,0.22,20
105,295,0.29,40
30,297,0.24,14
46,294,0.3,17
53,298,0.27,22
63,295,0.33,21
48,297,0.24,22
22,294,0.27,9
27,296,0.25,12
30,293,0.33,10
42,298,0.29,16
141,295,0.4,39
91,299,0.29,35
107,296,0.35,34
34,299,0.29,13
52,300,0.29,20
32,300,0.3,12
96,300,0.29,37
58,300,0.25,26
71,300,0.25,32
33,299,0.26,14
49,300,0.26,21
42,299,0.31,15
152,299,0.32,53
37,300,0.32,13
57,301,0.32,20
72,301,0.29,28
77,302,0.29,30
106,300,0.29,41
64,300,0.31,23
74,301,0.36,23
67,300,0.34,22
48,300,0.32,17
36,300,0.31,13
105,299,0.31,38
69,299,0.31,25
139,299,0.33,47
60,300,0.32,21
39,300,0.29,15
37,301,0.28,15
83,301,0.26,36
87,301,0.28,35
82,300,0.28,33
100,300,0.26,43
64,299,0.24,30
58,299,0.24,27
109,300,0.25,49
138,300,0.25,62
58,301,0.27,24
48,301,0.27,20
44,300,0.31,16
72,301,0.28,29
41,301,0.29,16
49,301,0.29,19
144,302,0.28,58
43,303,0.27,18
46,305,0.26,20
46,306,0.24,22
40,305,0.23,20
70,306,0.21,38
103,305,0.26,45
105,306,0.25,48
142,303,0.31,52
54,303,0.29,21
59,303,0.29,23
105,303,0.27,44
108,299,0.39,31
83,297,0.44,21
59,299,0.41,16
57,299,0.4,16
92,298,0.33,31
49,298,0.32,17
95,298,0.19,56
77,299,0.18,48
96,299,0.22,49
120,299,0.21,64
107,300,0.24,50
45,301,0.24,21
40,302,0.25,18
80,303,0.24,38
144,303,0.21,78
68,303,0.22,35
82,303,0.25,37
46,304,0.24,22
33,302,0.22,17
136,303,0.23,67
83,303,0.26,36
76,303,0.27,32
73,306,0.27,31
131,306,0.25,60
80,301,0.43,21
39,300,0.44,10
46,299,0.51,10
77,300,0.43,20
88,300,0.26,38
36,301,0.24,17
122,300,0.25,55
72,301,0.24,34
49,301,0.24,23
31,301,0.22,16
62,303,0.27,26
37,305,0.25,17
90,306,0.23,45
104,307,0.23,52
100,308,0.23,50
110,308,0.23,55
57,297,0.49,13
86,300,0.42,23
81,300,0.48,19
82,300,0.46,20
73,303,0.25,33
165,304,0.24,78
95,305,0.27,40
132,305,0.28,54
207,306,0.3,79
41,306,0.26,18
181,307,0.27,77
44,307,0.24,21
56,309,0.31,21
94,309,0.28,39
194,308,0.28,80
49,309,0.27,21
81,307,0.25,37
204,308,0.25,94
139,299,0.41,38
94,300,0.48,22
66,303,0.47,16
150,303,0.5,34
75,301,0.6,14
170,300,0.66,29
100,300,0.56,20
114,298,0.58,22
41,300,0.33,14
112,301,0.35,36
102,302,0.28,41
37,303,0.28,15
42,303,0.3,16
115,303,0.31,42
89,304,0.44,23
104,303,0.47,25
78,304,0.49,18
222,301,0.51,49
150,304,0.37,46
65,304,0.37,20
38,303,0.29,15
52,303,0.31,19
37,304,0.26,16
37,304,0.26,16
43,305,0.19,26
111,306,0.19,67
68,306,0.41,19
157,305,0.46,39
68,308,0.39,20
76,308,0.35,25
69,309,0.32,25
214,309,0.31,80
82,310,0.33,29
61,310,0.27,26
54,310,0.26,24
165,310,0.27,71
64,307,0.39,19
71,307,0.41,20
123,310,0.28,51
130,310,0.26,58
235,310,0.27,101
165,310,0.27,71
45,303,0.39,13
182,304,0.35,59
128,303,0.47,31
60,304,0.43,16
73,308,0.27,31
48,308,0.24,23
169,309,0.25,78
193,309,0.26,86
222,310,0.3,86
194,309,0.32,70
45,309,0.2,26
46,310,0.19,28
57,310,0.09,73
28,310,0.1,33
168,311,0.14,140
116,312,0.15,90
45,311,0.2,26
146,311,0.2,85
117,308,0.26,52
124,309,0.26,55
95,310,0.22,50
74,309,0.26,33
244,309,0.31,91
135,308,0.33,47
113,312,0.21,63
219,311,0.22,116
59,311,0.31,22
143,311,0.34,49
214,310,0.42,59
269,309,0.45,69
192,311,0.32,70
94,310,0.35,31
178,311,0.28,74
195,311,0.27,84
111,310,0.34,38
99,309,0.37,31
77,311,0.39,23
102,310,0.41,29
153,312,0.35,51
121,311,0.36,39
148,308,0.38,45
153,307,0.44,40
229,310,0.39,68
226,308,0.45,58
144,311,0.35,48
96,310,0.37,30
95,308,0.5,22
144,308,0.52,32
81,310,0.39,24
72,310,0.38,22
86,312,0.36,28
72,311,0.35,24
225,312,0.32,82
214,311,0.32,78
72,313,0.29,29
159,312,0.31,60
291,314,0.28,122
285,312,0.32,104
95,316,0.22,51
240,316,0.21,135
97,313,0.29,39
154,311,0.32,56
51,312,0.24,25
77,312,0.22,41
182,309,0.28,75
163,307,0.34,55
124,310,0.24,60
73,310,0.23,37
246,311,0.27,106
158,310,0.3,61
128,311,0.28,53
67,311,0.25,31
77,311,0.27,33
63,311,0.27,27
120,312,0.28,50
120,312,0.28,50
74,312,0.28,31
159,311,0.28,66
91,314,0.25,43
250,312,0.31,94
85,314,0.25,40
72,313,0.29,29
158,314,0.32,58
89,313,0.36,29
153,313,0.32,56
139,312,0.36,45
61,312,0.31,23
105,311,0.34,36
87,310,0.42,24
127,309,0.46,32
231,309,0.43,62
237,309,0.45,61
82,307,0.43,22
233,306,0.46,58
93,306,0.56,19
90,306,0.54,19
86,311,0.4,25
116,311,0.41,33
57,314,0.23,29
148,315,0.18,97
60,317,0.13,55
96,316,0.16,71
168,318,0.12,167
66,317,0.15,52
184,318,0.17,129
117,317,0.21,66
80,317,0.21,45
219,315,0.29,89
116,313,0.34,40
206,312,0.4,60
124,315,0.27,54
156,314,0.31,59
104,313,0.38,32
305,312,0.44,81
325,313,0.37,103
91,311,0.44,24
62,314,0.28,26
278,313,0.35,93
156,314,0.31,59
85,313,0.32,31
167,315,0.27,73
99,313,0.35,33
235,315,0.33,84
205,313,0.37,65
92,315,0.31,35
287,313,0.37,91
64,315,0.27,28
172,313,0.33,61
95,315,0.28,40
75,313,0.35,25
95,314,0.31,36
84,313,0.38,26
67,313,0.34,23
68,312,0.38,21
194,311,0.47,48
232,310,0.49,55
95,314,0.36,31
127,313,0.39,38
247,316,0.27,108
202,315,0.31,77
79,313,0.4,23
192,312,0.43,52
179,313,0.35,60
335,312,0.42,93
298,315,0.27,130
167,313,0.31,63
84,312,0.41,24
115,311,0.46,29
263,312,0.42,73
209,311,0.46,53
237,310,0.5,55
306,310,0.53,67
150,310,0.47,37
110,309,0.51,25
134,309,0.5,31
94,307,0.57,19
261,310,0.48,63
101,309,0.51,23
336,309,0.54,72
128,308,0.59,25
311,305,0.67,53
181,305,0.69,30
278,307,0.56,57
159,307,0.57,32
120,308,0.53,26
222,307,0.58,44
101,311,0.45,26
166,311,0.44,44
112,312,0.41,32
231,311,0.44,61
203,313,0.36,66
100,311,0.43,27
317,314,0.4,93
75,312,0.44,20
323,316,0.35,109
222,317,0.31,85
98,312,0.44,26
186,310,0.49,44
226,315,0.31,86
107,315,0.3,42
112,316,0.25,53
249,315,0.3,98
66,315,0.29,27
134,312,0.39,40
320,314,0.33,114
214,312,0.43,58
68,315,0.31,26
132,313,0.36,43
217,311,0.4,63
195,309,0.47,48
67,307,0.55,14
244,307,0.55,51
94,306,0.6,18
179,307,0.57,36
147,309,0.5,34
198,308,0.53,43
159,310,0.45,41
309,309,0.47,76
197,311,0.41,56
68,310,0.44,18
148,311,0.43,40
77,309,0.47,19
321,311,0.43,87
66,309,0.48,16
108,311,0.42,30
101,309,0.45,26
98,312,0.38,30
175,311,0.4,51
197,311,0.41,56
114,311,0.39,34
203,309,0.5,47
313,307,0.57,63
69,307,0.61,13
134,306,0.64,24
78,307,0.56,16
169,307,0.54,36
304,308,0.5,70
179,308,0.53,39
179,308,0.53,39
177,307,0.58,35
249,306,0.62,46
99,306,0.63,18
63,304,0.65,11
67,306,0.59,13
69,308,0.5,16
131,308,0.52,29
126,308,0.5,29
280,308,0.53,61
159,309,0.47,39
161,308,0.53,35
80,308,0.51,18
158,307,0.55,33
147,309,0.5,34
119,307,0.57,24
129,307,0.57,26
200,307,0.59,39
97,309,0.49,23
69,309,0.5,16
204,311,0.44,54
116,309,0.48,28
81,311,0.41,23
107,310,0.46,27
202,311,0.42,56
95,310,0.44,25
245,310,0.43,66
78,310,0.43,21
195,309,0.47,48
113,308,0.5,26
304,308,0.5,70
155,308,0.51,35
300,309,0.45,77
178,309,0.48,43
103,309,0.46,26
300,308,0.48,72
208,309,0.43,56
136,309,0.45,35
88,309,0.46,22
195,309,0.47,48
115,306,0.6,22
195,307,0.56,40
79,304,0.69,13
185,303,0.7,30
176,306,0.63,32
249,306,0.62,46
179,307,0.57,36
143,306,0.63,26
155,305,0.63,28
135,304,0.67,23
264,306,0.57,53
73,306,0.6,14
63,307,0.52,14
189,306,0.57,38
134,306,0.57,27
170,306,0.59,33
159,307,0.57,32
309,306,0.6,59
76,307,0.58,15
183,307,0.6,35
159,307,0.57,32
252,307,0.59,49
96,308,0.58,19
78,308,0.6,15
76,308,0.55,16
106,307,0.58,21
69,302,0.78,10
269,302,0.8,38
137,303,0.74,21
78,302,0.8,11
77,307,0.59,15
179,306,0.62,33
280,308,0.53,61
324,308,0.55,68
188,308,0.57,38
297,308,0.58,59
162,306,0.64,29
98,304,0.74,15
79,304,0.75,12
114,303,0.76,17
81,305,0.66,14
123,304,0.7,20
67,306,0.64,12
119,305,0.68,20
66,307,0.58,13
255,306,0.65,45
222,300,0.86,29
149,302,0.8,21
83,302,0.78,12
89,302,0.77,13
266,305,0.62,49
191,305,0.64,34
283,307,0.58,56
117,306,0.61,22
324,308,0.55,68
283,307,0.58,56
144,307,0.59,28
130,306,0.62,24
96,306,0.61,18
255,306,0.65,45
139,306,0.59,27
194,305,0.67,33
63,302,0.79,9
272,303,0.77,40
72,306,0.63,13
312,305,0.66,54
90,307,0.61,17
134,306,0.64,24
72,306,0.63,13
108,306,0.65,19
67,306,0.64,12
184,306,0.66,32
283,307,0.58,56
183,307,0.6,35
105,307,0.55,22
197,307,0.58,39
82,307,0.59,16
248,306,0.63,45
276,306,0.62,51
92,306,0.66,16
65,306,0.62,12
176,305,0.67,30
134,306,0.64,24
288,306,0.66,50
108,306,0.65,19
135,306,0.67,23
227,306,0.65,40
119,305,0.68,20
109,305,0.69,18
82,305,0.72,13
66,305,0.69,11
180,305,0.71,29
80,306,0.61,15
134,306,0.64,24
259,307,0.62,48
152,306,0.67,26
79,306,0.65,14
179,305,0.68,30
143,303,0.77,21
186,302,0.78,27
74,304,0.7,12
137,303,0.74,21
103,305,0.65,18
199,305,0.69,33
87,307,0.59,17
99,306,0.63,18
179,306,0.64,32
107,305,0.68,18
85,306,0.61,16
303,305,0.64,54
113,306,0.59,22
73,306,0.6,14
73,307,0.56,15
273,306,0.59,53
158,307,0.55,33
68,307,0.56,14
306,307,0.55,64
283,307,0.58,56
219,307,0.56,45
73,306,0.6,14
80,305,0.65,14
188,304,0.69,31
245,305,0.65,43
265,304,0.67,45
235,303,0.72,37
292,302,0.75,44
159,301,0.78,23
105,301,0.79,15
174,297,0.92,21
81,297,0.9,10
251,297,0.93,30
117,297,0.93,14
160,298,0.89,20
56,298,0.9,7
131,304,0.65,23
146,303,0.69,24
210,305,0.63,38
90,304,0.68,15
124,306,0.57,25
262,305,0.61,49
177,307,0.58,35
249,306,0.62,46
107,307,0.56,22
66,306,0.58,13
68,306,0.56,14
71,306,0.58,14
124,306,0.57,25
103,305,0.62,19
173,306,0.6,33
197,305,0.66,34
109,305,0.59,21
66,304,0.63,12
254,303,0.67,43
61,303,0.69,10
86,305,0.58,17
158,304,0.62,29
109,305,0.59,21
231,304,0.64,41
82,305,0.52,18
63,305,0.55,13
268,305,0.51,60
172,305,0.53,37
181,305,0.47,44
198,304,0.5,45
93,305,0.46,23
120,305,0.49,28
91,305,0.52,20
71,305,0.54,15
156,305,0.54,33
285,305,0.57,57
183,305,0.58,36
225,304,0.61,42
292,306,0.54,62
78,305,0.56,16
103,305,0.56,21
161,304,0.61,30
292,306,0.54,62
95,304,0.6,18
202,305,0.47,49
130,305,0.48,31
65,306,0.44,17
141,305,0.46,35
150,304,0.45,38
230,302,0.5,52
163,295,0.95,19
77,294,0.94,9
161,296,0.85,21
118,297,0.82,16
79,302,0.64,14
92,302,0.65,16
157,303,0.54,33
124,302,0.56,25
148,303,0.48,35
59,302,0.51,13
165,303,0.48,39
62,303,0.5,14
142,304,0.49,33
92,303,0.52,20
125,304,0.49,29
171,303,0.51,38
81,304,0.46,20
108,303,0.49,25
150,304,0.46,37
145,303,0.47,35
158,305,0.45,40
54,305,0.47,13
239,305,0.42,65
99,304,0.45,25
92,304,0.35,30
127,303,0.37,39
70,304,0.36,22
55,304,0.39,16
68,300,0.69,11
160,300,0.72,25
90,297,0.83,12
217,297,0.86,28
51,298,0.81,7
57,298,0.79,8
92,301,0.65,16
182,301,0.66,31
145,303,0.47,35
51,303,0.48,12
213,303,0.41,59
74,303,0.44,19
117,304,0.51,26
256,304,0.52,56
250,304,0.49,58
206,305,0.49,48
126,305,0.45,32
248,305,0.45,63
83,305,0.43,22
170,305,0.43,45
77,305,0.38,23
130,305,0.39,38
177,304,0.41,49
123,304,0.4,35
129,302,0.34,43
49,302,0.37,15
92,303,0.36,29
48,303,0.39,14
46,303,0.43,12
49,303,0.43,13
68,304,0.41,19
181,304,0.42,49
144,304,0.42,39
147,304,0.44,38
56,303,0.42,15
137,303,0.43,36
121,305,0.42,33
57,305,0.43,15
97,305,0.41,27
63,305,0.42,17
85,304,0.42,23
117,304,0.43,31
116,305,0.39,34
161,305,0.39,47
192,304,0.39,56
97,304,0.38,29
165,304,0.36,52
154,303,0.35,50
91,302,0.32,32
175,301,0.34,58
44,300,0.31,16
56,300,0.33,19
42,300,0.28,17
58,300,0.31,21
64,301,0.38,19
39,302,0.37,12
102,302,0.34,34
52,303,0.33,18
61,301,0.43,16
180,301,0.45,45
66,301,0.44,17
141,301,0.44,36
75,301,0.42,20
44,301,0.41,12
119,301,0.32,42
41,301,0.33,14
44,301,0.41,12
198,301,0.42,53
40,301,0.41,11
166,301,0.39,48
108,302,0.37,33
161,301,0.37,49
51,301,0.36,16
92,301,0.37,28
111,302,0.38,33
61,302,0.38,18
132,301,0.39,38
193,301,0.41,53
50,301,0.4,14
39,300,0.4,11
34,299,0.29,13
80,299,0.28,32
87,298,0.25,39
129,299,0.24,60
95,299,0.26,41
31,299,0.27,13
45,299,0.25,20
74,299,0.25,33
35,299,0.26,15
60,300,0.28,24
47,300,0.31,17
91,300,0.33,31
55,301,0.31,20
68,301,0.32,24
75,299,0.31,27
35,299,0.33,12
43,298,0.32,15
55,297,0.36,17
120,294,0.49,27
43,293,0.52,9
48,297,0.28,19
115,297,0.29,44
52,297,0.32,18
80,298,0.32,28
154,298,0.35,49
71,299,0.33,24
58,300,0.31,21
86,300,0.3,32
56,301,0.3,21
90,301,0.29,35
91,301,0.3,34
80,301,0.29,31
34,294,0.63,6
52,294,0.63,9
54,297,0.55,11
168,297,0.55,34
59,298,0.51,13
47,298,0.48,11
96,298,0.29,37
47,298,0.29,18
32,298,0.3,12
34,298,0.32,12
94,299,0.31,34
86,299,0.32,30
116,297,0.43,30
93,298,0.4,26
39,299,0.44,10
114,299,0.44,29
30,297,0.37,9
74,297,0.36,23
36,297,0.36,11
58,298,0.36,18
29,298,0.29,11
59,299,0.3,22
62,301,0.26,27
50,302,0.27,21
101,303,0.25,46
115,303,0.26,50
140,304,0.27,59
36,303,0.27,15
38,304,0.27,16
132,304,0.25,60
76,305,0.27,32
46,305,0.25,21
77,304,0.25,35
42,303,0.25,19
37,299,0.41,10
50,300,0.4,14
39,299,0.29,15
116,301,0.31,42
167,302,0.29,65
105,302,0.29,41
75,299,0.3,28
125,300,0.32,44
63,299,0.22,32
75,299,0.21,40
54,298,0.23,26
83,298,0.22,42
30,300,0.24,14
49,300,0.23,24
51,298,0.3,19
125,299,0.28,50
102,301,0.25,46
67,301,0.25,30
72,302,0.43,19
188,301,0.47,45
49,303,0.4,14
47,303,0.41,13
147,299,0.3,55
58,300,0.31,21
101,300,0.27,42
150,301,0.26,65
123,299,0.27,51
35,299,0.28,14
26,298,0.24,12
95,298,0.23,46
131,300,0.23,64
104,300,0.23,51
162,296,0.46,39
79,298,0.44,20
77,300,0.29,30
83,301,0.31,30
101,300,0.39,29
37,300,0.38,11
57,294,0.52,12
50,293,0.61,9
50,298,0.28,20
60,298,0.28,24
41,300,0.23,20
36,300,0.21,19
45,300,0.23,22
29,301,0.22,15
54,301,0.21,29
60,301,0.21,32
72,301,0.24,34
31,301,0.25,14
43,303,0.29,17
177,303,0.3,67
44,304,0.22,23
58,305,0.2,33
101,305,0.21,55
38,305,0.19,23
35,306,0.2,20
65,306,0.19,39
64,304,0.25,29
50,305,0.21,27
117,306,0.21,64
56,306,0.2,32
177,305,0.25,81
140,305,0.25,64
153,304,0.26,67
40,306,0.24,19
83,305,0.22,43
173,306,0.22,90
44,307,0.23,22
61,307,0.22,32
173,306,0.22,90
42,306,0.24,20
64,303,0.33,22
164,302,0.35,53
67,303,0.42,18
55,301,0.48,13
185,305,0.27,78
86,304,0.25,39
65,305,0.24,31
66,305,0.25,30
65,305,0.24,31
52,305,0.23,26
172,307,0.25,79
46,307,0.25,21
63,307,0.28,26
137,306,0.27,58
211,306,0.31,78
43,305,0.33,15
187,306,0.31,69
110,304,0.38,33
50,305,0.36,16
214,304,0.38,64
93,305,0.32,33
67,304,0.33,23
106,302,0.5,24
203,303,0.47,49
58,306,0.37,18
60,305,0.36,19
61,308,0.2,35
40,308,0.21,22
71,307,0.2,41
52,307,0.2,30
193,306,0.27,82
43,307,0.26,19
85,305,0.44,22
115,305,0.47,28
94,310,0.26,42
72,310,0.26,32
153,308,0.28,63
224,308,0.29,89
50,305,0.36,16
186,306,0.38,56
129,307,0.33,45
217,307,0.3,83
89,307,0.3,34
79,308,0.26,35
38,307,0.18,24
74,307,0.18,47
72,308,0.16,52
103,308,0.17,70
90,309,0.18,58
62,308,0.21,34
50,308,0.26,22
104,306,0.35,34
75,307,0.26,33
52,307,0.27,22
56,309,0.26,25
44,308,0.24,21
149,309,0.2,86
54,309,0.21,30
46,310,0.23,23
121,310,0.23,61
60,311,0.18,39
41,311,0.17,28
52,313,0.16,38
67,312,0.17,46
121,311,0.21,67
79,311,0.21,44
96,311,0.17,66
55,312,0.17,38
40,312,0.13,36
82,312,0.14,68
53,312,0.11,56
108,312,0.11,115
52,314,0.15,41
66,313,0.18,43
87,312,0.22,46
107,310,0.27,46
63,315,0.14,53
85,313,0.2,50
50,315,0.11,54
57,314,0.15,45
100,314,0.17,69
179,313,0.2,105
69,314,0.09,90
47,313,0.1,55
100,315,0.16,74
62,312,0.24,30
148,312,0.23,75
92,310,0.29,37
131,314,0.19,81
123,311,0.26,55
79,314,0.19,49
254,312,0.26,114
121,313,0.18,79
142,311,0.23,72
44,316,0.13,40
143,315,0.17,99
76,315,0.14,64
82,314,0.2,48
88,313,0.21,49
241,311,0.26,108
83,313,0.19,51
101,311,0.26,45
147,311,0.3,57
149,309,0.36,48
147,311,0.3,57
61,309,0.35,20
139,309,0.46,35
109,308,0.45,28
244,309,0.47,60
170,308,0.49,40
215,309,0.46,54
311,308,0.52,69
255,310,0.38,78
127,307,0.47,31
162,306,0.53,35
59,305,0.56,12
277,306,0.61,52
291,304,0.65,51
120,304,0.65,21
289,305,0.59,56
70,307,0.5,16
86,304,0.61,16
91,307,0.52,20
147,305,0.58,29
80,305,0.51,18
74,305,0.5,17
274,308,0.41,77
59,307,0.45,15
124,308,0.41,35
244,307,0.46,61
244,307,0.46,61
80,306,0.51,18
66,308,0.45,17
120,306,0.53,26
105,309,0.39,31
92,308,0.41,26
273,309,0.38,83
80,308,0.44,21
221,308,0.53,48
244,307,0.56,50
104,308,0.57,21
144,307,0.59,28
121,308,0.56,25
222,307,0.58,44
107,311,0.4,31
64,309,0.46,16
74,313,0.3,29
99,311,0.36,32
275,311,0.4,80
76,311,0.42,21
162,312,0.32,59
195,310,0.36,63
285,312,0.32,104
96,311,0.35,32
108,311,0.36,35
81,310,0.39,24
205,313,0.25,96
62,311,0.3,24
64,311,0.31,24
70,310,0.34,24
247,311,0.33,87
74,310,0.39,22
137,311,0.37,43
152,310,0.41,43
129,311,0.34,44
297,310,0.4,86
73,313,0.25,34
88,312,0.27,38
151,305,0.43,40
97,304,0.44,25
127,300,0.84,17
67,300,0.83,9
150,302,0.65,26
155,303,0.65,27
105,307,0.55,22
164,307,0.59,32
248,308,0.53,54
97,307,0.56,20
248,308,0.53,54
159,307,0.57,32
67,308,0.55,14
162,307,0.58,32
110,309,0.51,25
67,308,0.55,14
150,309,0.51,34
131,308,0.54,28
181,309,0.51,41
102,308,0.56,21
116,309,0.48,28
310,308,0.51,70
118,307,0.59,23
230,307,0.6,44
256,309,0.51,58
256,309,0.52,57
69,310,0.47,17
256,309,0.52,57
119,311,0.42,33
186,310,0.49,44
153,308,0.49,36
171,309,0.45,44
187,310,0.41,53
125,309,0.45,32
144,310,0.45,37
195,309,0.48,47
144,313,0.29,58
72,313,0.28,30
96,312,0.32,35
84,311,0.36,27
184,312,0.33,65
90,311,0.36,29
134,312,0.34,46
291,311,0.36,94
70,311,0.39,21
94,310,0.42,26
119,309,0.49,28
217,308,0.51,49
87,308,0.53,19
172,307,0.55,36
318,307,0.58,63
79,306,0.6,15
78,308,0.56,16
282,307,0.59,55
211,308,0.58,42
222,307,0.58,44
117,308,0.54,25
94,308,0.57,19
220,305,0.66,38
273,305,0.65,48
152,304,0.69,25
212,304,0.67,36
248,310,0.45,64
251,309,0.5,58
95,309,0.48,23
66,308,0.51,15
285,309,0.5,66
161,308,0.53,35
278,307,0.56,57
268,306,0.58,53
89,308,0.54,19
175,307,0.56,36
67,308,0.55,14
175,307,0.56,36
142,308,0.51,32
164,308,0.54,35
74,309,0.5,17
83,308,0.53,18
79,306,0.65,14
69,305,0.66,12
64,306,0.61,12
157,306,0.6,30
195,308,0.51,44
120,308,0.53,26
155,308,0.51,35
106,308,0.53,23
79,309,0.48,19
217,308,0.51,49
321,310,0.46,81
285,309,0.5,66
150,309,0.51,34
89,308,0.54,19
129,308,0.53,28
74,307,0.57,15
111,304,0.7,18
63,303,0.72,10
221,308,0.52,49
148,308,0.55,31
292,308,0.56,60
91,307,0.58,18
210,309,0.45,54
72,309,0.49,17
161,308,0.53,35
286,308,0.55,60
96,306,0.61,18
141,306,0.62,26
130,306,0.62,24
285,306,0.64,51
186,301,0.84,25
92,300,0.86,12
116,307,0.58,23
69,305,0.66,12
81,304,0.71,13
86,304,0.7,14
66,305,0.63,12
213,305,0.64,38
72,307,0.55,15
278,307,0.57,56
151,308,0.56,31
179,307,0.57,36
104,307,0.57,21
282,307,0.59,55
145,308,0.54,31
162,307,0.58,32
154,304,0.7,25
247,304,0.74,38
99,306,0.63,18
145,306,0.64,26
80,305,0.65,14
213,305,0.64,38
226,302,0.75,34
82,302,0.77,12
110,305,0.6,21
144,304,0.63,26
158,307,0.55,33
222,307,0.58,44
178,308,0.54,38
79,307,0.57,16
158,309,0.48,38
121,309,0.52,27
256,309,0.52,57
68,308,0.56,14
124,306,0.57,25
86,306,0.58,17
113,307,0.54,24
77,307,0.55,16
318,309,0.49,75
131,309,0.49,31
119,309,0.49,28
128,308,0.51,29
144,309,0.49,34
170,309,0.53,37
294,311,0.45,76
114,310,0.49,27
89,310,0.47,22
137,310,0.48,33
123,307,0.64,22
71,306,0.68,12
122,307,0.61,23
285,306,0.64,51
88,305,0.67,15
116,305,0.66,20
110,308,0.55,23
171,308,0.58,34
136,308,0.56,28
119,307,0.57,24
291,307,0.62,54
314,306,0.62,58
85,307,0.61,16
92,307,0.62,17
162,307,0.6,31
263,307,0.63,48
331,308,0.57,67
118,307,0.59,23
71,307,0.63,13
98,306,0.66,17
85,307,0.61,16
115,307,0.63,21
66,303,0.75,10
141,304,0.73,22
122,307,0.61,23
251,306,0.64,45
176,306,0.63,32
76,304,0.72,12
283,307,0.58,56
88,306,0.63,16
170,303,0.77,25
69,303,0.78,10
286,305,0.71,46
278,304,0.72,44
303,304,0.69,50
65,303,0.74,10
84,304,0.68,14
95,304,0.72,15
116,305,0.66,20
271,304,0.7,44
112,305,0.71,18
196,304,0.72,31
184,306,0.66,32
135,305,0.7,22
68,304,0.7,11
218,304,0.71,35
94,305,0.63,17
74,305,0.65,13
218,306,0.61,41
314,306,0.62,58
119,308,0.55,25
282,307,0.59,55
163,309,0.51,37
137,309,0.53,30
214,303,0.76,32
72,302,0.81,10
313,307,0.57,63
276,306,0.62,51
213,306,0.58,42
319,306,0.63,58
119,307,0.57,24
87,306,0.62,16
226,307,0.59,44
130,306,0.62,24
96,306,0.61,18
227,306,0.65,40
115,307,0.63,21
108,306,0.65,19
94,306,0.67,16
135,305,0.7,22
179,305,0.68,30
310,304,0.72,49
165,306,0.65,29
77,305,0.68,13
329,307,0.62,61
148,306,0.65,26
89,307,0.6,17
105,306,0.63,19
85,307,0.61,16
99,306,0.63,18
252,307,0.59,49
116,306,0.63,21
276,306,0.62,51
311,305,0.67,53
259,306,0.66,45
183,305,0.72,29
84,307,0.6,16
101,306,0.64,18
126,307,0.63,23
173,307,0.64,31
80,308,0.54,17
248,307,0.57,50
101,307,0.61,19
292,307,0.61,55
77,304,0.73,12
154,303,0.76,23
103,304,0.73,16
254,304,0.76,38
197,305,0.68,33
108,304,0.72,17
143,303,0.77,21
103,303,0.78,15
66,306,0.63,12
158,305,0.67,27
276,306,0.62,51
161,305,0.68,27
67,306,0.64,12
119,305,0.68,20
120,307,0.6,23
143,306,0.63,26
324,308,0.55,68
313,307,0.57,63
85,305,0.65,15
65,305,0.67,11
283,307,0.58,56
96,306,0.61,18
177,304,0.72,28
194,303,0.76,29
324,306,0.65,57
320,305,0.69,53
65,306,0.62,12
179,306,0.64,32
75,305,0.71,12
131,303,0.78,19
173,306,0.6,33
154,305,0.65,27
103,305,0.65,18
84,304,0.68,14
67,306,0.64,12
109,305,0.69,18
183,307,0.6,35
248,306,0.63,45
215,306,0.6,41
182,306,0.65,32
85,307,0.54,18
67,307,0.55,14
313,307,0.57,63
215,306,0.6,41
73,307,0.56,15
141,306,0.6,27
268,307,0.54,57
234,306,0.57,47
157,306,0.6,30
319,306,0.64,57
273,307,0.55,57
94,307,0.57,19
83,307,0.53,18
172,307,0.55,36
193,307,0.54,41
234,306,0.57,47
159,307,0.48,38
292,307,0.5,67
104,306,0.52,23
72,305,0.55,15
191,304,0.68,32
170,303,0.74,26
56,298,0.9,7
57,297,0.9,7
58,299,0.93,7
66,299,0.93,8
103,301,0.77,15
125,301,0.78,18
284,304,0.61,53
61,304,0.63,11
86,305,0.34,29
135,305,0.35,44
198,304,0.41,55
68,304,0.41,19
166,304,0.37,51
141,304,0.4,40
77,305,0.44,20
54,304,0.47,13
85,305,0.44,22
169,304,0.47,41
63,305,0.45,16
128,305,0.47,31
72,304,0.63,13
162,303,0.68,27
105,304,0.6,20
60,304,0.62,11
54,305,0.44,14
215,305,0.43,57
157,304,0.27,66
43,304,0.29,17
46,305,0.25,21
64,305,0.28,26
41,305,0.29,16
169,304,0.31,62
102,302,0.33,35
86,302,0.36,27
127,303,0.38,38
65,303,0.39,19
190,305,0.35,62
89,305,0.35,29
123,304,0.4,35
83,304,0.41,23
134,306,0.32,48
60,305,0.34,20
48,305,0.32,17
147,305,0.33,51
50,305,0.3,19
87,305,0.33,30
46,305,0.35,15
155,305,0.36,49
121,304,0.32,43
125,304,0.33,43
62,305,0.32,22
140,304,0.34,47
76,305,0.31,28
67,304,0.33,23
169,304,0.31,62
125,304,0.33,43
209,304,0.36,66
72,304,0.37,22
106,305,0.39,31
81,304,0.4,23
144,304,0.43,38
52,303,0.45,13
110,302,0.26,48
92,302,0.28,37
98,301,0.23,48
53,301,0.25,24
57,301,0.34,19
160,301,0.36,50
108,303,0.34,36
41,303,0.33,14
129,302,0.34,43
175,301,0.34,58
93,300,0.4,26
61,299,0.43,16
170,303,0.28,69
41,303,0.29,16
165,303,0.26,72
133,303,0.27,56
59,303,0.24,28
66,303,0.24,31
82,303,0.25,37
44,303,0.25,20
59,304,0.27,25
87,304,0.26,38
55,305,0.25,25
46,305,0.26,20
36,304,0.24,17
103,304,0.24,49
59,305,0.25,27
38,304,0.24,18
62,305,0.26,27
44,305,0.24,21
56,305,0.23,28
38,304,0.23,19
39,305,0.26,17
98,304,0.26,43
132,305,0.28,54
57,304,0.28,23
126,304,0.28,51
112,304,0.27,47
46,304,0.24,22
38,305,0.24,18
101,303,0.25,46
99,303,0.24,47
44,303,0.28,18
56,303,0.3,21
74,303,0.31,27
52,302,0.31,19
58,302,0.26,25
55,302,0.28,22
56,303,0.3,21
40,303,0.32,14
78,301,0.34,26
177,301,0.35,57
47,300,0.25,21
51,300,0.24,24
24,299,0.16,17
34,299,0.15,25
65,298,0.18,40
73,298,0.18,45
40,299,0.25,18
58,300,0.26,25
49,301,0.29,19
80,301,0.28,32
102,302,0.28,41
141,302,0.27,59
44,302,0.26,19
108,302,0.25,49
39,302,0.26,17
149,302,0.24,70
78,301,0.19,46
125,301,0.19,74
30,300,0.2,17
46,300,0.2,26
104,301,0.21,56
30,302,0.21,16
58,302,0.22,30
36,301,0.24,17
129,301,0.25,58
48,301,0.27,20
67,301,0.25,30
132,301,0.26,57
